chr	Sample_Name	total_CpGs	n_covered
chr1	hg38.TWGBS.5N.BioMedX	2375159	2259659
chr1	hg38.TWGBS.5N.DKFZ.B060	2375159	2290610
chr1	hg38.TWGBS.5N.IHEC	2375159	2235238
chr1	hg38.TWGBS.5N.UCSD	2375159	2286209
chr1	hg38.TWGBS.5N.UdS.NT	2375159	2078782
chr1	hg38.TWGBS.5N.UdS.TT	2375159	2054403
chr1	hg38.TWGBS.5T.DKFZ.B060	2375159	2299664
chr1	hg38.TWGBS.5T.IHEC	2375159	2245614
chr1	hg38.TWGBS.5T.UCSD	2375159	2300747
chr1	hg38.TWGBS.5T.UdS.NT	2375159	2120083
chr1	hg38.TWGBS.5T.UdS.TT	2375159	2100694
chr1	hg38.TWGBS.6N.BioMedX	2375159	2260151
chr1	hg38.TWGBS.6N.DKFZ.B060	2375159	2289765
chr1	hg38.TWGBS.6N.IHEC	2375159	2237894
chr1	hg38.TWGBS.6N.UCSD	2375159	2288794
chr1	hg38.TWGBS.6N.UdS.NT	2375159	2089707
chr1	hg38.TWGBS.6N.UdS.TT	2375159	2065266
chr1	hg38.TWGBS.6T.BioMedX	2375159	2259299
chr1	hg38.TWGBS.6T.DKFZ.B060	2375159	2290022
chr1	hg38.TWGBS.6T.IHEC	2375159	2237751
chr1	hg38.TWGBS.6T.UCSD	2375159	2289089
chr1	hg38.TWGBS.6T.UdS.NT	2375159	2071085
chr1	hg38.TWGBS.6T.UdS.TT	2375159	2044369
chr1	hg38.WGBS.5N.DKFZ.B060	2375159	2315407
chr1	hg38.WGBS.5N.DKFZ.C010	2375159	2373097
chr1	hg38.WGBS.5N.FLI	2375159	2373934
chr1	hg38.WGBS.5N.IHEC	2375159	2291923
chr1	hg38.WGBS.5N.UCSD	2375159	2343479
chr1	hg38.WGBS.5N.UdS.NT	2375159	2222577
chr1	hg38.WGBS.5T.DKFZ.B060	2375159	2316561
chr1	hg38.WGBS.5T.DKFZ.C010	2375159	2373123
chr1	hg38.WGBS.5T.FLI	2375159	2373920
chr1	hg38.WGBS.5T.IHEC	2375159	2293185
chr1	hg38.WGBS.5T.UCSD	2375159	2344141
chr1	hg38.WGBS.5T.UdS.NT	2375159	2222142
chr1	hg38.WGBS.6N.DKFZ.B060	2375159	2313855
chr1	hg38.WGBS.6N.DKFZ.C010	2375159	2372419
chr1	hg38.WGBS.6N.FLI	2375159	2373984
chr1	hg38.WGBS.6N.IHEC	2375159	2291571
chr1	hg38.WGBS.6N.UCSD	2375159	2341843
chr1	hg38.WGBS.6N.UdS.NT	2375159	2216675
chr1	hg38.WGBS.6T.DKFZ.B060	2375159	2317551
chr1	hg38.WGBS.6T.DKFZ.C010	2375159	2372595
chr1	hg38.WGBS.6T.FLI	2375159	2374044
chr1	hg38.WGBS.6T.IHEC	2375159	2292705
chr1	hg38.WGBS.6T.UCSD	2375159	2343753
chr1	hg38.WGBS.6T.UdS.NT	2375159	2218158
chr1	hg38.TWGBS.5T.BioMedX	2375159	2274180
chr1	hg38.TWGBS.5N.bistro	2375159	2236860
chr1	hg38.WGBS.5N.bistro	2375159	2287008
chr1	hg38.TWGBS.5T.bistro	2375159	2251351
chr1	hg38.WGBS.5T.bistro	2375159	2288372
chr1	hg38.TWGBS.6N.bistro	2375159	2235526
chr1	hg38.WGBS.6N.bistro	2375159	2285164
chr1	hg38.TWGBS.6T.bistro	2375159	2237158
chr1	hg38.WGBS.6T.bistro	2375159	2282945
chr1	hg38.TWGBS.5N.OTP	2375159	2272080
chr1	hg38.TWGBS.5T.OTP	2375159	2284053
chr1	hg38.TWGBS.6N.OTP	2375159	2271658
chr1	hg38.TWGBS.6T.OTP	2375159	2271840
chr1	hg38.WGBS.5N.OTP	2375159	2313611
chr1	hg38.WGBS.5T.OTP	2375159	2314969
chr1	hg38.WGBS.6N.OTP	2375159	2311691
chr1	hg38.WGBS.6T.OTP	2375159	2314269
chr1	hg38.WGBS.5N.cnag.gembs	2375159	1579142
chr1	hg38.WGBS.5T.cnag.gembs	2375159	1690102
chr1	hg38.WGBS.6N.cnag.gembs	2375159	1729471
chr1	hg38.WGBS.6T.cnag.gembs	2375159	1795569
chr1	hg38.TWGBS.5N.bismark	2375159	2284161
chr1	hg38.TWGBS.5T.bismark	2375159	2296434
chr1	hg38.TWGBS.6N.bismark	2375159	2286525
chr1	hg38.TWGBS.6T.bismark	2375159	2287756
chr1	hg38.WGBS.5N.bismark	2375159	2321467
chr1	hg38.WGBS.5T.bismark	2375159	2323315
chr1	hg38.WGBS.6N.bismark	2375159	2323536
chr1	hg38.WGBS.6T.bismark	2375159	2326626
chr10	hg38.TWGBS.5N.BioMedX	1388978	1327653
chr10	hg38.TWGBS.5N.DKFZ.B060	1388978	1341908
chr10	hg38.TWGBS.5N.IHEC	1388978	1323699
chr10	hg38.TWGBS.5N.UCSD	1388978	1324437
chr10	hg38.TWGBS.5N.UdS.NT	1388978	1229245
chr10	hg38.TWGBS.5N.UdS.TT	1388978	1214777
chr10	hg38.TWGBS.5T.DKFZ.B060	1388978	1346830
chr10	hg38.TWGBS.5T.IHEC	1388978	1329050
chr10	hg38.TWGBS.5T.UCSD	1388978	1331315
chr10	hg38.TWGBS.5T.UdS.NT	1388978	1257985
chr10	hg38.TWGBS.5T.UdS.TT	1388978	1246686
chr10	hg38.TWGBS.6N.BioMedX	1388978	1329292
chr10	hg38.TWGBS.6N.DKFZ.B060	1388978	1343213
chr10	hg38.TWGBS.6N.IHEC	1388978	1324606
chr10	hg38.TWGBS.6N.UCSD	1388978	1327864
chr10	hg38.TWGBS.6N.UdS.NT	1388978	1236173
chr10	hg38.TWGBS.6N.UdS.TT	1388978	1221511
chr10	hg38.TWGBS.6T.BioMedX	1388978	1324748
chr10	hg38.TWGBS.6T.DKFZ.B060	1388978	1340890
chr10	hg38.TWGBS.6T.IHEC	1388978	1322043
chr10	hg38.TWGBS.6T.UCSD	1388978	1324014
chr10	hg38.TWGBS.6T.UdS.NT	1388978	1209920
chr10	hg38.TWGBS.6T.UdS.TT	1388978	1192529
chr10	hg38.WGBS.5N.DKFZ.B060	1388978	1353218
chr10	hg38.WGBS.5N.DKFZ.C010	1388978	1386095
chr10	hg38.WGBS.5N.FLI	1388978	1388093
chr10	hg38.WGBS.5N.IHEC	1388978	1347077
chr10	hg38.WGBS.5N.UCSD	1388978	1352135
chr10	hg38.WGBS.5N.UdS.NT	1388978	1318870
chr10	hg38.WGBS.5T.DKFZ.B060	1388978	1354191
chr10	hg38.WGBS.5T.DKFZ.C010	1388978	1386216
chr10	hg38.WGBS.5T.FLI	1388978	1388188
chr10	hg38.WGBS.5T.IHEC	1388978	1347888
chr10	hg38.WGBS.5T.UCSD	1388978	1353163
chr10	hg38.WGBS.5T.UdS.NT	1388978	1318904
chr10	hg38.WGBS.6N.DKFZ.B060	1388978	1353286
chr10	hg38.WGBS.6N.DKFZ.C010	1388978	1378356
chr10	hg38.WGBS.6N.FLI	1388978	1385085
chr10	hg38.WGBS.6N.IHEC	1388978	1346611
chr10	hg38.WGBS.6N.UCSD	1388978	1353021
chr10	hg38.WGBS.6N.UdS.NT	1388978	1316924
chr10	hg38.WGBS.6T.DKFZ.B060	1388978	1353950
chr10	hg38.WGBS.6T.DKFZ.C010	1388978	1378199
chr10	hg38.WGBS.6T.FLI	1388978	1385129
chr10	hg38.WGBS.6T.IHEC	1388978	1346524
chr10	hg38.WGBS.6T.UCSD	1388978	1352709
chr10	hg38.WGBS.6T.UdS.NT	1388978	1316867
chr10	hg38.TWGBS.5T.BioMedX	1388978	1334977
chr10	hg38.TWGBS.5N.bistro	1388978	1320683
chr10	hg38.WGBS.5N.bistro	1388978	1340479
chr10	hg38.TWGBS.5T.bistro	1388978	1326565
chr10	hg38.WGBS.5T.bistro	1388978	1340947
chr10	hg38.TWGBS.6N.bistro	1388978	1322984
chr10	hg38.WGBS.6N.bistro	1388978	1343109
chr10	hg38.TWGBS.6T.bistro	1388978	1320422
chr10	hg38.WGBS.6T.bistro	1388978	1341805
chr10	hg38.TWGBS.5N.OTP	1388978	1333517
chr10	hg38.TWGBS.5T.OTP	1388978	1339556
chr10	hg38.TWGBS.6N.OTP	1388978	1334702
chr10	hg38.TWGBS.6T.OTP	1388978	1331435
chr10	hg38.WGBS.5N.OTP	1388978	1351909
chr10	hg38.WGBS.5T.OTP	1388978	1352846
chr10	hg38.WGBS.6N.OTP	1388978	1351943
chr10	hg38.WGBS.6T.OTP	1388978	1352283
chr10	hg38.WGBS.5N.cnag.gembs	1388978	986581
chr10	hg38.WGBS.5T.cnag.gembs	1388978	1054431
chr10	hg38.WGBS.6N.cnag.gembs	1388978	1066673
chr10	hg38.WGBS.6T.cnag.gembs	1388978	1058314
chr10	hg38.TWGBS.5N.bismark	1388978	1344163
chr10	hg38.TWGBS.5T.bismark	1388978	1351583
chr10	hg38.TWGBS.6N.bismark	1388978	1342355
chr10	hg38.TWGBS.6T.bismark	1388978	1339335
chr10	hg38.WGBS.5N.bismark	1388978	1364707
chr10	hg38.WGBS.5T.bismark	1388978	1366127
chr10	hg38.WGBS.6N.bismark	1388978	1358464
chr10	hg38.WGBS.6T.bismark	1388978	1358861
chr11	hg38.TWGBS.5N.BioMedX	1333114	1273082
chr11	hg38.TWGBS.5N.DKFZ.B060	1333114	1289066
chr11	hg38.TWGBS.5N.IHEC	1333114	1265712
chr11	hg38.TWGBS.5N.UCSD	1333114	1265385
chr11	hg38.TWGBS.5N.UdS.NT	1333114	1183478
chr11	hg38.TWGBS.5N.UdS.TT	1333114	1169470
chr11	hg38.TWGBS.5T.DKFZ.B060	1333114	1294891
chr11	hg38.TWGBS.5T.IHEC	1333114	1271040
chr11	hg38.TWGBS.5T.UCSD	1333114	1274027
chr11	hg38.TWGBS.5T.UdS.NT	1333114	1212226
chr11	hg38.TWGBS.5T.UdS.TT	1333114	1201360
chr11	hg38.TWGBS.6N.BioMedX	1333114	1278261
chr11	hg38.TWGBS.6N.DKFZ.B060	1333114	1293671
chr11	hg38.TWGBS.6N.IHEC	1333114	1268875
chr11	hg38.TWGBS.6N.UCSD	1333114	1270200
chr11	hg38.TWGBS.6N.UdS.NT	1333114	1192749
chr11	hg38.TWGBS.6N.UdS.TT	1333114	1178482
chr11	hg38.TWGBS.6T.BioMedX	1333114	1280578
chr11	hg38.TWGBS.6T.DKFZ.B060	1333114	1294743
chr11	hg38.TWGBS.6T.IHEC	1333114	1270330
chr11	hg38.TWGBS.6T.UCSD	1333114	1272309
chr11	hg38.TWGBS.6T.UdS.NT	1333114	1193697
chr11	hg38.TWGBS.6T.UdS.TT	1333114	1179701
chr11	hg38.WGBS.5N.DKFZ.B060	1333114	1302521
chr11	hg38.WGBS.5N.DKFZ.C010	1333114	1331677
chr11	hg38.WGBS.5N.FLI	1333114	1332545
chr11	hg38.WGBS.5N.IHEC	1333114	1288375
chr11	hg38.WGBS.5N.UCSD	1333114	1298124
chr11	hg38.WGBS.5N.UdS.NT	1333114	1273649
chr11	hg38.WGBS.5T.DKFZ.B060	1333114	1304599
chr11	hg38.WGBS.5T.DKFZ.C010	1333114	1331717
chr11	hg38.WGBS.5T.FLI	1333114	1332531
chr11	hg38.WGBS.5T.IHEC	1333114	1289724
chr11	hg38.WGBS.5T.UCSD	1333114	1299574
chr11	hg38.WGBS.5T.UdS.NT	1333114	1274778
chr11	hg38.WGBS.6N.DKFZ.B060	1333114	1307404
chr11	hg38.WGBS.6N.DKFZ.C010	1333114	1332096
chr11	hg38.WGBS.6N.FLI	1333114	1332627
chr11	hg38.WGBS.6N.IHEC	1333114	1292194
chr11	hg38.WGBS.6N.UCSD	1333114	1301136
chr11	hg38.WGBS.6N.UdS.NT	1333114	1276165
chr11	hg38.WGBS.6T.DKFZ.B060	1333114	1309994
chr11	hg38.WGBS.6T.DKFZ.C010	1333114	1332232
chr11	hg38.WGBS.6T.FLI	1333114	1332692
chr11	hg38.WGBS.6T.IHEC	1333114	1292553
chr11	hg38.WGBS.6T.UCSD	1333114	1302084
chr11	hg38.WGBS.6T.UdS.NT	1333114	1277578
chr11	hg38.TWGBS.5T.BioMedX	1333114	1281899
chr11	hg38.TWGBS.5N.bistro	1333114	1261934
chr11	hg38.WGBS.5N.bistro	1333114	1284223
chr11	hg38.TWGBS.5T.bistro	1333114	1268752
chr11	hg38.WGBS.5T.bistro	1333114	1285015
chr11	hg38.TWGBS.6N.bistro	1333114	1263874
chr11	hg38.WGBS.6N.bistro	1333114	1286926
chr11	hg38.TWGBS.6T.bistro	1333114	1267207
chr11	hg38.WGBS.6T.bistro	1333114	1286294
chr11	hg38.TWGBS.5N.OTP	1333114	1279235
chr11	hg38.TWGBS.5T.OTP	1333114	1286743
chr11	hg38.TWGBS.6N.OTP	1333114	1284108
chr11	hg38.TWGBS.6T.OTP	1333114	1286155
chr11	hg38.WGBS.5N.OTP	1333114	1299984
chr11	hg38.WGBS.5T.OTP	1333114	1302027
chr11	hg38.WGBS.6N.OTP	1333114	1304390
chr11	hg38.WGBS.6T.OTP	1333114	1305856
chr11	hg38.WGBS.5N.cnag.gembs	1333114	914346
chr11	hg38.WGBS.5T.cnag.gembs	1333114	995821
chr11	hg38.WGBS.6N.cnag.gembs	1333114	996810
chr11	hg38.WGBS.6T.cnag.gembs	1333114	1073167
chr11	hg38.TWGBS.5N.bismark	1333114	1294517
chr11	hg38.TWGBS.5T.bismark	1333114	1303223
chr11	hg38.TWGBS.6N.bismark	1333114	1301033
chr11	hg38.TWGBS.6T.bismark	1333114	1302925
chr11	hg38.WGBS.5N.bismark	1333114	1315848
chr11	hg38.WGBS.5T.bismark	1333114	1317727
chr11	hg38.WGBS.6N.bismark	1333114	1319905
chr11	hg38.WGBS.6T.bismark	1333114	1321039
chr12	hg38.TWGBS.5N.BioMedX	1315968	1267116
chr12	hg38.TWGBS.5N.DKFZ.B060	1315968	1282085
chr12	hg38.TWGBS.5N.IHEC	1315968	1265129
chr12	hg38.TWGBS.5N.UCSD	1315968	1256365
chr12	hg38.TWGBS.5N.UdS.NT	1315968	1174549
chr12	hg38.TWGBS.5N.UdS.TT	1315968	1160347
chr12	hg38.TWGBS.5T.DKFZ.B060	1315968	1287347
chr12	hg38.TWGBS.5T.IHEC	1315968	1271012
chr12	hg38.TWGBS.5T.UCSD	1315968	1264765
chr12	hg38.TWGBS.5T.UdS.NT	1315968	1205751
chr12	hg38.TWGBS.5T.UdS.TT	1315968	1195368
chr12	hg38.TWGBS.6N.BioMedX	1315968	1267103
chr12	hg38.TWGBS.6N.DKFZ.B060	1315968	1281971
chr12	hg38.TWGBS.6N.IHEC	1315968	1265814
chr12	hg38.TWGBS.6N.UCSD	1315968	1258981
chr12	hg38.TWGBS.6N.UdS.NT	1315968	1181289
chr12	hg38.TWGBS.6N.UdS.TT	1315968	1167230
chr12	hg38.TWGBS.6T.BioMedX	1315968	1265093
chr12	hg38.TWGBS.6T.DKFZ.B060	1315968	1280974
chr12	hg38.TWGBS.6T.IHEC	1315968	1264859
chr12	hg38.TWGBS.6T.UCSD	1315968	1256955
chr12	hg38.TWGBS.6T.UdS.NT	1315968	1165708
chr12	hg38.TWGBS.6T.UdS.TT	1315968	1149829
chr12	hg38.WGBS.5N.DKFZ.B060	1315968	1294289
chr12	hg38.WGBS.5N.DKFZ.C010	1315968	1314314
chr12	hg38.WGBS.5N.FLI	1315968	1315186
chr12	hg38.WGBS.5N.IHEC	1315968	1286897
chr12	hg38.WGBS.5N.UCSD	1315968	1289336
chr12	hg38.WGBS.5N.UdS.NT	1315968	1262961
chr12	hg38.WGBS.5T.DKFZ.B060	1315968	1295269
chr12	hg38.WGBS.5T.DKFZ.C010	1315968	1314363
chr12	hg38.WGBS.5T.FLI	1315968	1315164
chr12	hg38.WGBS.5T.IHEC	1315968	1287904
chr12	hg38.WGBS.5T.UCSD	1315968	1290372
chr12	hg38.WGBS.5T.UdS.NT	1315968	1263559
chr12	hg38.WGBS.6N.DKFZ.B060	1315968	1293950
chr12	hg38.WGBS.6N.DKFZ.C010	1315968	1314119
chr12	hg38.WGBS.6N.FLI	1315968	1315056
chr12	hg38.WGBS.6N.IHEC	1315968	1286428
chr12	hg38.WGBS.6N.UCSD	1315968	1288665
chr12	hg38.WGBS.6N.UdS.NT	1315968	1263654
chr12	hg38.WGBS.6T.DKFZ.B060	1315968	1295278
chr12	hg38.WGBS.6T.DKFZ.C010	1315968	1314165
chr12	hg38.WGBS.6T.FLI	1315968	1315165
chr12	hg38.WGBS.6T.IHEC	1315968	1286734
chr12	hg38.WGBS.6T.UCSD	1315968	1288994
chr12	hg38.WGBS.6T.UdS.NT	1315968	1264324
chr12	hg38.TWGBS.5T.BioMedX	1315968	1274988
chr12	hg38.TWGBS.5N.bistro	1315968	1256950
chr12	hg38.WGBS.5N.bistro	1315968	1279181
chr12	hg38.TWGBS.5T.bistro	1315968	1263822
chr12	hg38.WGBS.5T.bistro	1315968	1279927
chr12	hg38.TWGBS.6N.bistro	1315968	1257901
chr12	hg38.WGBS.6N.bistro	1315968	1279766
chr12	hg38.TWGBS.6T.bistro	1315968	1257634
chr12	hg38.WGBS.6T.bistro	1315968	1278734
chr12	hg38.TWGBS.5N.OTP	1315968	1273194
chr12	hg38.TWGBS.5T.OTP	1315968	1279628
chr12	hg38.TWGBS.6N.OTP	1315968	1272921
chr12	hg38.TWGBS.6T.OTP	1315968	1271500
chr12	hg38.WGBS.5N.OTP	1315968	1292203
chr12	hg38.WGBS.5T.OTP	1315968	1293247
chr12	hg38.WGBS.6N.OTP	1315968	1291805
chr12	hg38.WGBS.6T.OTP	1315968	1292300
chr12	hg38.WGBS.5N.cnag.gembs	1315968	918095
chr12	hg38.WGBS.5T.cnag.gembs	1315968	1007002
chr12	hg38.WGBS.6N.cnag.gembs	1315968	1001549
chr12	hg38.WGBS.6T.cnag.gembs	1315968	1022683
chr12	hg38.TWGBS.5N.bismark	1315968	1284920
chr12	hg38.TWGBS.5T.bismark	1315968	1292974
chr12	hg38.TWGBS.6N.bismark	1315968	1285161
chr12	hg38.TWGBS.6T.bismark	1315968	1284127
chr12	hg38.WGBS.5N.bismark	1315968	1304538
chr12	hg38.WGBS.5T.bismark	1315968	1306028
chr12	hg38.WGBS.6N.bismark	1315968	1304052
chr12	hg38.WGBS.6T.bismark	1315968	1304919
chr13	hg38.TWGBS.5N.BioMedX	842469	815564
chr13	hg38.TWGBS.5N.DKFZ.B060	842469	823850
chr13	hg38.TWGBS.5N.IHEC	842469	807949
chr13	hg38.TWGBS.5N.UCSD	842469	807846
chr13	hg38.TWGBS.5N.UdS.NT	842469	753092
chr13	hg38.TWGBS.5N.UdS.TT	842469	744406
chr13	hg38.TWGBS.5T.DKFZ.B060	842469	828548
chr13	hg38.TWGBS.5T.IHEC	842469	814359
chr13	hg38.TWGBS.5T.UCSD	842469	815648
chr13	hg38.TWGBS.5T.UdS.NT	842469	784805
chr13	hg38.TWGBS.5T.UdS.TT	842469	780349
chr13	hg38.TWGBS.6N.BioMedX	842469	817234
chr13	hg38.TWGBS.6N.DKFZ.B060	842469	825493
chr13	hg38.TWGBS.6N.IHEC	842469	811620
chr13	hg38.TWGBS.6N.UCSD	842469	810928
chr13	hg38.TWGBS.6N.UdS.NT	842469	755781
chr13	hg38.TWGBS.6N.UdS.TT	842469	746903
chr13	hg38.TWGBS.6T.BioMedX	842469	817714
chr13	hg38.TWGBS.6T.DKFZ.B060	842469	825390
chr13	hg38.TWGBS.6T.IHEC	842469	811416
chr13	hg38.TWGBS.6T.UCSD	842469	810743
chr13	hg38.TWGBS.6T.UdS.NT	842469	753278
chr13	hg38.TWGBS.6T.UdS.TT	842469	744077
chr13	hg38.WGBS.5N.DKFZ.B060	842469	832639
chr13	hg38.WGBS.5N.DKFZ.C010	842469	841687
chr13	hg38.WGBS.5N.FLI	842469	842174
chr13	hg38.WGBS.5N.IHEC	842469	827455
chr13	hg38.WGBS.5N.UCSD	842469	829160
chr13	hg38.WGBS.5N.UdS.NT	842469	803954
chr13	hg38.WGBS.5T.DKFZ.B060	842469	833481
chr13	hg38.WGBS.5T.DKFZ.C010	842469	841732
chr13	hg38.WGBS.5T.FLI	842469	842213
chr13	hg38.WGBS.5T.IHEC	842469	828787
chr13	hg38.WGBS.5T.UCSD	842469	830410
chr13	hg38.WGBS.5T.UdS.NT	842469	805115
chr13	hg38.WGBS.6N.DKFZ.B060	842469	834080
chr13	hg38.WGBS.6N.DKFZ.C010	842469	841891
chr13	hg38.WGBS.6N.FLI	842469	842216
chr13	hg38.WGBS.6N.IHEC	842469	829789
chr13	hg38.WGBS.6N.UCSD	842469	830364
chr13	hg38.WGBS.6N.UdS.NT	842469	802297
chr13	hg38.WGBS.6T.DKFZ.B060	842469	834469
chr13	hg38.WGBS.6T.DKFZ.C010	842469	841905
chr13	hg38.WGBS.6T.FLI	842469	842240
chr13	hg38.WGBS.6T.IHEC	842469	829995
chr13	hg38.WGBS.6T.UCSD	842469	830731
chr13	hg38.WGBS.6T.UdS.NT	842469	802545
chr13	hg38.TWGBS.5T.BioMedX	842469	823321
chr13	hg38.TWGBS.5N.bistro	842469	802098
chr13	hg38.WGBS.5N.bistro	842469	819459
chr13	hg38.TWGBS.5T.bistro	842469	809000
chr13	hg38.WGBS.5T.bistro	842469	819947
chr13	hg38.TWGBS.6N.bistro	842469	803744
chr13	hg38.WGBS.6N.bistro	842469	821739
chr13	hg38.TWGBS.6T.bistro	842469	804932
chr13	hg38.WGBS.6T.bistro	842469	820269
chr13	hg38.TWGBS.5N.OTP	842469	819347
chr13	hg38.TWGBS.5T.OTP	842469	825690
chr13	hg38.TWGBS.6N.OTP	842469	820857
chr13	hg38.TWGBS.6T.OTP	842469	821222
chr13	hg38.WGBS.5N.OTP	842469	832089
chr13	hg38.WGBS.5T.OTP	842469	832815
chr13	hg38.WGBS.6N.OTP	842469	833426
chr13	hg38.WGBS.6T.OTP	842469	833615
chr13	hg38.WGBS.5N.cnag.gembs	842469	608357
chr13	hg38.WGBS.5T.cnag.gembs	842469	699300
chr13	hg38.WGBS.6N.cnag.gembs	842469	644012
chr13	hg38.WGBS.6T.cnag.gembs	842469	670538
chr13	hg38.TWGBS.5N.bismark	842469	824304
chr13	hg38.TWGBS.5T.bismark	842469	830046
chr13	hg38.TWGBS.6N.bismark	842469	826153
chr13	hg38.TWGBS.6T.bismark	842469	826226
chr13	hg38.WGBS.5N.bismark	842469	835300
chr13	hg38.WGBS.5T.bismark	842469	836013
chr13	hg38.WGBS.6N.bismark	842469	836350
chr13	hg38.WGBS.6T.bismark	842469	836711
chr14	hg38.TWGBS.5N.BioMedX	895881	838290
chr14	hg38.TWGBS.5N.DKFZ.B060	895881	848160
chr14	hg38.TWGBS.5N.IHEC	895881	838114
chr14	hg38.TWGBS.5N.UCSD	895881	838039
chr14	hg38.TWGBS.5N.UdS.NT	895881	778284
chr14	hg38.TWGBS.5N.UdS.TT	895881	769430
chr14	hg38.TWGBS.5T.DKFZ.B060	895881	847614
chr14	hg38.TWGBS.5T.IHEC	895881	837012
chr14	hg38.TWGBS.5T.UCSD	895881	836354
chr14	hg38.TWGBS.5T.UdS.NT	895881	771654
chr14	hg38.TWGBS.5T.UdS.TT	895881	761906
chr14	hg38.TWGBS.6N.BioMedX	895881	838437
chr14	hg38.TWGBS.6N.DKFZ.B060	895881	847926
chr14	hg38.TWGBS.6N.IHEC	895881	837593
chr14	hg38.TWGBS.6N.UCSD	895881	838161
chr14	hg38.TWGBS.6N.UdS.NT	895881	782720
chr14	hg38.TWGBS.6N.UdS.TT	895881	773862
chr14	hg38.TWGBS.6T.BioMedX	895881	835598
chr14	hg38.TWGBS.6T.DKFZ.B060	895881	846679
chr14	hg38.TWGBS.6T.IHEC	895881	836339
chr14	hg38.TWGBS.6T.UCSD	895881	835874
chr14	hg38.TWGBS.6T.UdS.NT	895881	766437
chr14	hg38.TWGBS.6T.UdS.TT	895881	755588
chr14	hg38.WGBS.5N.DKFZ.B060	895881	854859
chr14	hg38.WGBS.5N.DKFZ.C010	895881	861912
chr14	hg38.WGBS.5N.FLI	895881	861976
chr14	hg38.WGBS.5N.IHEC	895881	849519
chr14	hg38.WGBS.5N.UCSD	895881	853827
chr14	hg38.WGBS.5N.UdS.NT	895881	834275
chr14	hg38.WGBS.5T.DKFZ.B060	895881	854710
chr14	hg38.WGBS.5T.DKFZ.C010	895881	861889
chr14	hg38.WGBS.5T.FLI	895881	861946
chr14	hg38.WGBS.5T.IHEC	895881	849271
chr14	hg38.WGBS.5T.UCSD	895881	853399
chr14	hg38.WGBS.5T.UdS.NT	895881	833070
chr14	hg38.WGBS.6N.DKFZ.B060	895881	854073
chr14	hg38.WGBS.6N.DKFZ.C010	895881	861342
chr14	hg38.WGBS.6N.FLI	895881	861360
chr14	hg38.WGBS.6N.IHEC	895881	848570
chr14	hg38.WGBS.6N.UCSD	895881	853062
chr14	hg38.WGBS.6N.UdS.NT	895881	834381
chr14	hg38.WGBS.6T.DKFZ.B060	895881	854563
chr14	hg38.WGBS.6T.DKFZ.C010	895881	861308
chr14	hg38.WGBS.6T.FLI	895881	861363
chr14	hg38.WGBS.6T.IHEC	895881	848598
chr14	hg38.WGBS.6T.UCSD	895881	853282
chr14	hg38.WGBS.6T.UdS.NT	895881	834191
chr14	hg38.TWGBS.5T.BioMedX	895881	836839
chr14	hg38.TWGBS.5N.bistro	895881	837361
chr14	hg38.WGBS.5N.bistro	895881	850818
chr14	hg38.TWGBS.5T.bistro	895881	836414
chr14	hg38.WGBS.5T.bistro	895881	850324
chr14	hg38.TWGBS.6N.bistro	895881	837317
chr14	hg38.WGBS.6N.bistro	895881	850320
chr14	hg38.TWGBS.6T.bistro	895881	835834
chr14	hg38.WGBS.6T.bistro	895881	849726
chr14	hg38.TWGBS.5N.OTP	895881	842089
chr14	hg38.TWGBS.5T.OTP	895881	840886
chr14	hg38.TWGBS.6N.OTP	895881	841993
chr14	hg38.TWGBS.6T.OTP	895881	839963
chr14	hg38.WGBS.5N.OTP	895881	854483
chr14	hg38.WGBS.5T.OTP	895881	854307
chr14	hg38.WGBS.6N.OTP	895881	853608
chr14	hg38.WGBS.6T.OTP	895881	853835
chr14	hg38.WGBS.5N.cnag.gembs	895881	611906
chr14	hg38.WGBS.5T.cnag.gembs	895881	491421
chr14	hg38.WGBS.6N.cnag.gembs	895881	665374
chr14	hg38.WGBS.6T.cnag.gembs	895881	662042
chr14	hg38.TWGBS.5N.bismark	895881	844781
chr14	hg38.TWGBS.5T.bismark	895881	844437
chr14	hg38.TWGBS.6N.bismark	895881	844756
chr14	hg38.TWGBS.6T.bismark	895881	842926
chr14	hg38.WGBS.5N.bismark	895881	855152
chr14	hg38.WGBS.5T.bismark	895881	854861
chr14	hg38.WGBS.6N.bismark	895881	854327
chr14	hg38.WGBS.6T.bismark	895881	854883
chr15	hg38.TWGBS.5N.BioMedX	906026	829623
chr15	hg38.TWGBS.5N.DKFZ.B060	906026	841407
chr15	hg38.TWGBS.5N.IHEC	906026	818912
chr15	hg38.TWGBS.5N.UCSD	906026	843722
chr15	hg38.TWGBS.5N.UdS.NT	906026	775791
chr15	hg38.TWGBS.5N.UdS.TT	906026	766310
chr15	hg38.TWGBS.5T.DKFZ.B060	906026	843462
chr15	hg38.TWGBS.5T.IHEC	906026	821006
chr15	hg38.TWGBS.5T.UCSD	906026	846188
chr15	hg38.TWGBS.5T.UdS.NT	906026	786878
chr15	hg38.TWGBS.5T.UdS.TT	906026	778709
chr15	hg38.TWGBS.6N.BioMedX	906026	833935
chr15	hg38.TWGBS.6N.DKFZ.B060	906026	845322
chr15	hg38.TWGBS.6N.IHEC	906026	821482
chr15	hg38.TWGBS.6N.UCSD	906026	849331
chr15	hg38.TWGBS.6N.UdS.NT	906026	783645
chr15	hg38.TWGBS.6N.UdS.TT	906026	774318
chr15	hg38.TWGBS.6T.BioMedX	906026	830273
chr15	hg38.TWGBS.6T.DKFZ.B060	906026	842986
chr15	hg38.TWGBS.6T.IHEC	906026	819631
chr15	hg38.TWGBS.6T.UCSD	906026	846426
chr15	hg38.TWGBS.6T.UdS.NT	906026	767210
chr15	hg38.TWGBS.6T.UdS.TT	906026	755891
chr15	hg38.WGBS.5N.DKFZ.B060	906026	851165
chr15	hg38.WGBS.5N.DKFZ.C010	906026	904090
chr15	hg38.WGBS.5N.FLI	906026	904745
chr15	hg38.WGBS.5N.IHEC	906026	841015
chr15	hg38.WGBS.5N.UCSD	906026	864671
chr15	hg38.WGBS.5N.UdS.NT	906026	834854
chr15	hg38.WGBS.5T.DKFZ.B060	906026	851036
chr15	hg38.WGBS.5T.DKFZ.C010	906026	903930
chr15	hg38.WGBS.5T.FLI	906026	904651
chr15	hg38.WGBS.5T.IHEC	906026	840846
chr15	hg38.WGBS.5T.UCSD	906026	864493
chr15	hg38.WGBS.5T.UdS.NT	906026	834651
chr15	hg38.WGBS.6N.DKFZ.B060	906026	854117
chr15	hg38.WGBS.6N.DKFZ.C010	906026	905495
chr15	hg38.WGBS.6N.FLI	906026	905215
chr15	hg38.WGBS.6N.IHEC	906026	842191
chr15	hg38.WGBS.6N.UCSD	906026	869107
chr15	hg38.WGBS.6N.UdS.NT	906026	838845
chr15	hg38.WGBS.6T.DKFZ.B060	906026	856150
chr15	hg38.WGBS.6T.DKFZ.C010	906026	905416
chr15	hg38.WGBS.6T.FLI	906026	905261
chr15	hg38.WGBS.6T.IHEC	906026	842067
chr15	hg38.WGBS.6T.UCSD	906026	869622
chr15	hg38.WGBS.6T.UdS.NT	906026	840043
chr15	hg38.TWGBS.5T.BioMedX	906026	831923
chr15	hg38.TWGBS.5N.bistro	906026	822947
chr15	hg38.WGBS.5N.bistro	906026	838813
chr15	hg38.TWGBS.5T.bistro	906026	824639
chr15	hg38.WGBS.5T.bistro	906026	838550
chr15	hg38.TWGBS.6N.bistro	906026	825952
chr15	hg38.WGBS.6N.bistro	906026	841842
chr15	hg38.TWGBS.6T.bistro	906026	823788
chr15	hg38.WGBS.6T.bistro	906026	840485
chr15	hg38.TWGBS.5N.OTP	906026	834201
chr15	hg38.TWGBS.5T.OTP	906026	836155
chr15	hg38.TWGBS.6N.OTP	906026	838143
chr15	hg38.TWGBS.6T.OTP	906026	835544
chr15	hg38.WGBS.5N.OTP	906026	849709
chr15	hg38.WGBS.5T.OTP	906026	849800
chr15	hg38.WGBS.6N.OTP	906026	852257
chr15	hg38.WGBS.6T.OTP	906026	853370
chr15	hg38.WGBS.5N.cnag.gembs	906026	595151
chr15	hg38.WGBS.5T.cnag.gembs	906026	598932
chr15	hg38.WGBS.6N.cnag.gembs	906026	649190
chr15	hg38.WGBS.6T.cnag.gembs	906026	647259
chr15	hg38.TWGBS.5N.bismark	906026	841089
chr15	hg38.TWGBS.5T.bismark	906026	843909
chr15	hg38.TWGBS.6N.bismark	906026	845679
chr15	hg38.TWGBS.6T.bismark	906026	842839
chr15	hg38.WGBS.5N.bismark	906026	857463
chr15	hg38.WGBS.5T.bismark	906026	857508
chr15	hg38.WGBS.6N.bismark	906026	861499
chr15	hg38.WGBS.6T.bismark	906026	862821
chr16	hg38.TWGBS.5N.BioMedX	1150891	1050265
chr16	hg38.TWGBS.5N.DKFZ.B060	1150891	1067338
chr16	hg38.TWGBS.5N.IHEC	1150891	1040080
chr16	hg38.TWGBS.5N.UCSD	1150891	1070881
chr16	hg38.TWGBS.5N.UdS.NT	1150891	975701
chr16	hg38.TWGBS.5N.UdS.TT	1150891	962745
chr16	hg38.TWGBS.5T.DKFZ.B060	1150891	1073394
chr16	hg38.TWGBS.5T.IHEC	1150891	1045530
chr16	hg38.TWGBS.5T.UCSD	1150891	1079674
chr16	hg38.TWGBS.5T.UdS.NT	1150891	1003000
chr16	hg38.TWGBS.5T.UdS.TT	1150891	992691
chr16	hg38.TWGBS.6N.BioMedX	1150891	1054638
chr16	hg38.TWGBS.6N.DKFZ.B060	1150891	1071788
chr16	hg38.TWGBS.6N.IHEC	1150891	1044027
chr16	hg38.TWGBS.6N.UCSD	1150891	1077204
chr16	hg38.TWGBS.6N.UdS.NT	1150891	987047
chr16	hg38.TWGBS.6N.UdS.TT	1150891	974270
chr16	hg38.TWGBS.6T.BioMedX	1150891	1055263
chr16	hg38.TWGBS.6T.DKFZ.B060	1150891	1071700
chr16	hg38.TWGBS.6T.IHEC	1150891	1044278
chr16	hg38.TWGBS.6T.UCSD	1150891	1077589
chr16	hg38.TWGBS.6T.UdS.NT	1150891	982943
chr16	hg38.TWGBS.6T.UdS.TT	1150891	969178
chr16	hg38.WGBS.5N.DKFZ.B060	1150891	1080167
chr16	hg38.WGBS.5N.DKFZ.C010	1150891	1150111
chr16	hg38.WGBS.5N.FLI	1150891	1150229
chr16	hg38.WGBS.5N.IHEC	1150891	1067671
chr16	hg38.WGBS.5N.UCSD	1150891	1099461
chr16	hg38.WGBS.5N.UdS.NT	1150891	1059240
chr16	hg38.WGBS.5T.DKFZ.B060	1150891	1081532
chr16	hg38.WGBS.5T.DKFZ.C010	1150891	1150250
chr16	hg38.WGBS.5T.FLI	1150891	1150271
chr16	hg38.WGBS.5T.IHEC	1150891	1069106
chr16	hg38.WGBS.5T.UCSD	1150891	1100980
chr16	hg38.WGBS.5T.UdS.NT	1150891	1060802
chr16	hg38.WGBS.6N.DKFZ.B060	1150891	1083545
chr16	hg38.WGBS.6N.DKFZ.C010	1150891	1150444
chr16	hg38.WGBS.6N.FLI	1150891	1150322
chr16	hg38.WGBS.6N.IHEC	1150891	1070177
chr16	hg38.WGBS.6N.UCSD	1150891	1103484
chr16	hg38.WGBS.6N.UdS.NT	1150891	1063992
chr16	hg38.WGBS.6T.DKFZ.B060	1150891	1086617
chr16	hg38.WGBS.6T.DKFZ.C010	1150891	1150469
chr16	hg38.WGBS.6T.FLI	1150891	1150443
chr16	hg38.WGBS.6T.IHEC	1150891	1070469
chr16	hg38.WGBS.6T.UCSD	1150891	1104668
chr16	hg38.WGBS.6T.UdS.NT	1150891	1066766
chr16	hg38.TWGBS.5T.BioMedX	1150891	1059552
chr16	hg38.TWGBS.5N.bistro	1150891	1042752
chr16	hg38.WGBS.5N.bistro	1150891	1066100
chr16	hg38.TWGBS.5T.bistro	1150891	1050519
chr16	hg38.WGBS.5T.bistro	1150891	1066951
chr16	hg38.TWGBS.6N.bistro	1150891	1046341
chr16	hg38.WGBS.6N.bistro	1150891	1069399
chr16	hg38.TWGBS.6T.bistro	1150891	1047946
chr16	hg38.WGBS.6T.bistro	1150891	1068644
chr16	hg38.TWGBS.5N.OTP	1150891	1056704
chr16	hg38.TWGBS.5T.OTP	1150891	1064477
chr16	hg38.TWGBS.6N.OTP	1150891	1060818
chr16	hg38.TWGBS.6T.OTP	1150891	1061621
chr16	hg38.WGBS.5N.OTP	1150891	1078123
chr16	hg38.WGBS.5T.OTP	1150891	1079623
chr16	hg38.WGBS.6N.OTP	1150891	1080994
chr16	hg38.WGBS.6T.OTP	1150891	1082881
chr16	hg38.WGBS.5N.cnag.gembs	1150891	710696
chr16	hg38.WGBS.5T.cnag.gembs	1150891	808363
chr16	hg38.WGBS.6N.cnag.gembs	1150891	800673
chr16	hg38.WGBS.6T.cnag.gembs	1150891	862614
chr16	hg38.TWGBS.5N.bismark	1150891	1068824
chr16	hg38.TWGBS.5T.bismark	1150891	1077889
chr16	hg38.TWGBS.6N.bismark	1150891	1075802
chr16	hg38.TWGBS.6T.bismark	1150891	1075947
chr16	hg38.WGBS.5N.bismark	1150891	1091258
chr16	hg38.WGBS.5T.bismark	1150891	1094998
chr16	hg38.WGBS.6N.bismark	1150891	1099396
chr16	hg38.WGBS.6T.bismark	1150891	1101117
chr17	hg38.TWGBS.5N.BioMedX	1248328	1137392
chr17	hg38.TWGBS.5N.DKFZ.B060	1248328	1156565
chr17	hg38.TWGBS.5N.IHEC	1248328	1137581
chr17	hg38.TWGBS.5N.UCSD	1248328	1145525
chr17	hg38.TWGBS.5N.UdS.NT	1248328	1065421
chr17	hg38.TWGBS.5N.UdS.TT	1248328	1052771
chr17	hg38.TWGBS.5T.DKFZ.B060	1248328	1160583
chr17	hg38.TWGBS.5T.IHEC	1248328	1141630
chr17	hg38.TWGBS.5T.UCSD	1248328	1153199
chr17	hg38.TWGBS.5T.UdS.NT	1248328	1083556
chr17	hg38.TWGBS.5T.UdS.TT	1248328	1073176
chr17	hg38.TWGBS.6N.BioMedX	1248328	1137727
chr17	hg38.TWGBS.6N.DKFZ.B060	1248328	1155956
chr17	hg38.TWGBS.6N.IHEC	1248328	1139382
chr17	hg38.TWGBS.6N.UCSD	1248328	1148725
chr17	hg38.TWGBS.6N.UdS.NT	1248328	1074364
chr17	hg38.TWGBS.6N.UdS.TT	1248328	1062035
chr17	hg38.TWGBS.6T.BioMedX	1248328	1137189
chr17	hg38.TWGBS.6T.DKFZ.B060	1248328	1155524
chr17	hg38.TWGBS.6T.IHEC	1248328	1138755
chr17	hg38.TWGBS.6T.UCSD	1248328	1148312
chr17	hg38.TWGBS.6T.UdS.NT	1248328	1066498
chr17	hg38.TWGBS.6T.UdS.TT	1248328	1053619
chr17	hg38.WGBS.5N.DKFZ.B060	1248328	1173396
chr17	hg38.WGBS.5N.DKFZ.C010	1248328	1243026
chr17	hg38.WGBS.5N.FLI	1248328	1241842
chr17	hg38.WGBS.5N.IHEC	1248328	1164686
chr17	hg38.WGBS.5N.UCSD	1248328	1182748
chr17	hg38.WGBS.5N.UdS.NT	1248328	1152011
chr17	hg38.WGBS.5T.DKFZ.B060	1248328	1174269
chr17	hg38.WGBS.5T.DKFZ.C010	1248328	1243197
chr17	hg38.WGBS.5T.FLI	1248328	1242225
chr17	hg38.WGBS.5T.IHEC	1248328	1165518
chr17	hg38.WGBS.5T.UCSD	1248328	1183609
chr17	hg38.WGBS.5T.UdS.NT	1248328	1152389
chr17	hg38.WGBS.6N.DKFZ.B060	1248328	1171385
chr17	hg38.WGBS.6N.DKFZ.C010	1248328	1240737
chr17	hg38.WGBS.6N.FLI	1248328	1241570
chr17	hg38.WGBS.6N.IHEC	1248328	1163280
chr17	hg38.WGBS.6N.UCSD	1248328	1179405
chr17	hg38.WGBS.6N.UdS.NT	1248328	1150844
chr17	hg38.WGBS.6T.DKFZ.B060	1248328	1172633
chr17	hg38.WGBS.6T.DKFZ.C010	1248328	1240389
chr17	hg38.WGBS.6T.FLI	1248328	1242232
chr17	hg38.WGBS.6T.IHEC	1248328	1163464
chr17	hg38.WGBS.6T.UCSD	1248328	1180512
chr17	hg38.WGBS.6T.UdS.NT	1248328	1151970
chr17	hg38.TWGBS.5T.BioMedX	1248328	1144043
chr17	hg38.TWGBS.5N.bistro	1248328	1132163
chr17	hg38.WGBS.5N.bistro	1248328	1160404
chr17	hg38.TWGBS.5T.bistro	1248328	1138671
chr17	hg38.WGBS.5T.bistro	1248328	1161044
chr17	hg38.TWGBS.6N.bistro	1248328	1132755
chr17	hg38.WGBS.6N.bistro	1248328	1158391
chr17	hg38.TWGBS.6T.bistro	1248328	1134063
chr17	hg38.WGBS.6T.bistro	1248328	1157655
chr17	hg38.TWGBS.5N.OTP	1248328	1144780
chr17	hg38.TWGBS.5T.OTP	1248328	1150372
chr17	hg38.TWGBS.6N.OTP	1248328	1144460
chr17	hg38.TWGBS.6T.OTP	1248328	1144282
chr17	hg38.WGBS.5N.OTP	1248328	1171556
chr17	hg38.WGBS.5T.OTP	1248328	1172414
chr17	hg38.WGBS.6N.OTP	1248328	1168822
chr17	hg38.WGBS.6T.OTP	1248328	1169575
chr17	hg38.WGBS.5N.cnag.gembs	1248328	747520
chr17	hg38.WGBS.5T.cnag.gembs	1248328	793719
chr17	hg38.WGBS.6N.cnag.gembs	1248328	853937
chr17	hg38.WGBS.6T.cnag.gembs	1248328	915065
chr17	hg38.TWGBS.5N.bismark	1248328	1152045
chr17	hg38.TWGBS.5T.bismark	1248328	1159799
chr17	hg38.TWGBS.6N.bismark	1248328	1154605
chr17	hg38.TWGBS.6T.bismark	1248328	1154172
chr17	hg38.WGBS.5N.bismark	1248328	1182788
chr17	hg38.WGBS.5T.bismark	1248328	1184337
chr17	hg38.WGBS.6N.bismark	1248328	1183104
chr17	hg38.WGBS.6T.bismark	1248328	1183774
chr18	hg38.TWGBS.5N.BioMedX	756014	683387
chr18	hg38.TWGBS.5N.DKFZ.B060	756014	690944
chr18	hg38.TWGBS.5N.IHEC	756014	675103
chr18	hg38.TWGBS.5N.UCSD	756014	681824
chr18	hg38.TWGBS.5N.UdS.NT	756014	633974
chr18	hg38.TWGBS.5N.UdS.TT	756014	626127
chr18	hg38.TWGBS.5T.DKFZ.B060	756014	692106
chr18	hg38.TWGBS.5T.IHEC	756014	675336
chr18	hg38.TWGBS.5T.UCSD	756014	680914
chr18	hg38.TWGBS.5T.UdS.NT	756014	629073
chr18	hg38.TWGBS.5T.UdS.TT	756014	620510
chr18	hg38.TWGBS.6N.BioMedX	756014	687512
chr18	hg38.TWGBS.6N.DKFZ.B060	756014	695489
chr18	hg38.TWGBS.6N.IHEC	756014	678541
chr18	hg38.TWGBS.6N.UCSD	756014	685018
chr18	hg38.TWGBS.6N.UdS.NT	756014	640564
chr18	hg38.TWGBS.6N.UdS.TT	756014	632426
chr18	hg38.TWGBS.6T.BioMedX	756014	684443
chr18	hg38.TWGBS.6T.DKFZ.B060	756014	693510
chr18	hg38.TWGBS.6T.IHEC	756014	676843
chr18	hg38.TWGBS.6T.UCSD	756014	682508
chr18	hg38.TWGBS.6T.UdS.NT	756014	627520
chr18	hg38.TWGBS.6T.UdS.TT	756014	618039
chr18	hg38.WGBS.5N.DKFZ.B060	756014	700704
chr18	hg38.WGBS.5N.DKFZ.C010	756014	754662
chr18	hg38.WGBS.5N.FLI	756014	754964
chr18	hg38.WGBS.5N.IHEC	756014	693086
chr18	hg38.WGBS.5N.UCSD	756014	705315
chr18	hg38.WGBS.5N.UdS.NT	756014	685450
chr18	hg38.WGBS.5T.DKFZ.B060	756014	701173
chr18	hg38.WGBS.5T.DKFZ.C010	756014	754555
chr18	hg38.WGBS.5T.FLI	756014	754984
chr18	hg38.WGBS.5T.IHEC	756014	692844
chr18	hg38.WGBS.5T.UCSD	756014	704484
chr18	hg38.WGBS.5T.UdS.NT	756014	685175
chr18	hg38.WGBS.6N.DKFZ.B060	756014	706554
chr18	hg38.WGBS.6N.DKFZ.C010	756014	755285
chr18	hg38.WGBS.6N.FLI	756014	755507
chr18	hg38.WGBS.6N.IHEC	756014	697500
chr18	hg38.WGBS.6N.UCSD	756014	708752
chr18	hg38.WGBS.6N.UdS.NT	756014	690888
chr18	hg38.WGBS.6T.DKFZ.B060	756014	707745
chr18	hg38.WGBS.6T.DKFZ.C010	756014	755211
chr18	hg38.WGBS.6T.FLI	756014	755573
chr18	hg38.WGBS.6T.IHEC	756014	696722
chr18	hg38.WGBS.6T.UCSD	756014	707636
chr18	hg38.WGBS.6T.UdS.NT	756014	691910
chr18	hg38.TWGBS.5T.BioMedX	756014	683045
chr18	hg38.TWGBS.5N.bistro	756014	671903
chr18	hg38.WGBS.5N.bistro	756014	684591
chr18	hg38.TWGBS.5T.bistro	756014	670696
chr18	hg38.WGBS.5T.bistro	756014	684222
chr18	hg38.TWGBS.6N.bistro	756014	673472
chr18	hg38.WGBS.6N.bistro	756014	687122
chr18	hg38.TWGBS.6T.bistro	756014	671775
chr18	hg38.WGBS.6T.bistro	756014	685668
chr18	hg38.TWGBS.5N.OTP	756014	686769
chr18	hg38.TWGBS.5T.OTP	756014	686794
chr18	hg38.TWGBS.6N.OTP	756014	690866
chr18	hg38.TWGBS.6T.OTP	756014	688322
chr18	hg38.WGBS.5N.OTP	756014	697924
chr18	hg38.WGBS.5T.OTP	756014	698582
chr18	hg38.WGBS.6N.OTP	756014	702523
chr18	hg38.WGBS.6T.OTP	756014	702544
chr18	hg38.WGBS.5N.cnag.gembs	756014	509076
chr18	hg38.WGBS.5T.cnag.gembs	756014	404618
chr18	hg38.WGBS.6N.cnag.gembs	756014	542717
chr18	hg38.WGBS.6T.cnag.gembs	756014	540337
chr18	hg38.TWGBS.5N.bismark	756014	701313
chr18	hg38.TWGBS.5T.bismark	756014	702858
chr18	hg38.TWGBS.6N.bismark	756014	710622
chr18	hg38.TWGBS.6T.bismark	756014	707743
chr18	hg38.WGBS.5N.bismark	756014	719988
chr18	hg38.WGBS.5T.bismark	756014	720448
chr18	hg38.WGBS.6N.bismark	756014	734067
chr18	hg38.WGBS.6T.bismark	756014	732957
chr19	hg38.TWGBS.5N.BioMedX	1105620	1014718
chr19	hg38.TWGBS.5N.DKFZ.B060	1105620	1035627
chr19	hg38.TWGBS.5N.IHEC	1105620	1026144
chr19	hg38.TWGBS.5N.UCSD	1105620	1017433
chr19	hg38.TWGBS.5N.UdS.NT	1105620	944151
chr19	hg38.TWGBS.5N.UdS.TT	1105620	932280
chr19	hg38.TWGBS.5T.DKFZ.B060	1105620	1039703
chr19	hg38.TWGBS.5T.IHEC	1105620	1031105
chr19	hg38.TWGBS.5T.UCSD	1105620	1026461
chr19	hg38.TWGBS.5T.UdS.NT	1105620	971628
chr19	hg38.TWGBS.5T.UdS.TT	1105620	962476
chr19	hg38.TWGBS.6N.BioMedX	1105620	1018179
chr19	hg38.TWGBS.6N.DKFZ.B060	1105620	1037322
chr19	hg38.TWGBS.6N.IHEC	1105620	1029382
chr19	hg38.TWGBS.6N.UCSD	1105620	1022474
chr19	hg38.TWGBS.6N.UdS.NT	1105620	955661
chr19	hg38.TWGBS.6N.UdS.TT	1105620	944243
chr19	hg38.TWGBS.6T.BioMedX	1105620	1020931
chr19	hg38.TWGBS.6T.DKFZ.B060	1105620	1038454
chr19	hg38.TWGBS.6T.IHEC	1105620	1030338
chr19	hg38.TWGBS.6T.UCSD	1105620	1024567
chr19	hg38.TWGBS.6T.UdS.NT	1105620	958597
chr19	hg38.TWGBS.6T.UdS.TT	1105620	947233
chr19	hg38.WGBS.5N.DKFZ.B060	1105620	1046079
chr19	hg38.WGBS.5N.DKFZ.C010	1105620	1056478
chr19	hg38.WGBS.5N.FLI	1105620	1056522
chr19	hg38.WGBS.5N.IHEC	1105620	1041724
chr19	hg38.WGBS.5N.UCSD	1105620	1046871
chr19	hg38.WGBS.5N.UdS.NT	1105620	1026219
chr19	hg38.WGBS.5T.DKFZ.B060	1105620	1046387
chr19	hg38.WGBS.5T.DKFZ.C010	1105620	1056482
chr19	hg38.WGBS.5T.FLI	1105620	1056521
chr19	hg38.WGBS.5T.IHEC	1105620	1042140
chr19	hg38.WGBS.5T.UCSD	1105620	1047727
chr19	hg38.WGBS.5T.UdS.NT	1105620	1027019
chr19	hg38.WGBS.6N.DKFZ.B060	1105620	1046180
chr19	hg38.WGBS.6N.DKFZ.C010	1105620	1056351
chr19	hg38.WGBS.6N.FLI	1105620	1056422
chr19	hg38.WGBS.6N.IHEC	1105620	1042059
chr19	hg38.WGBS.6N.UCSD	1105620	1047421
chr19	hg38.WGBS.6N.UdS.NT	1105620	1026417
chr19	hg38.WGBS.6T.DKFZ.B060	1105620	1046742
chr19	hg38.WGBS.6T.DKFZ.C010	1105620	1056342
chr19	hg38.WGBS.6T.FLI	1105620	1056400
chr19	hg38.WGBS.6T.IHEC	1105620	1042254
chr19	hg38.WGBS.6T.UCSD	1105620	1048215
chr19	hg38.WGBS.6T.UdS.NT	1105620	1026769
chr19	hg38.TWGBS.5T.BioMedX	1105620	1023703
chr19	hg38.TWGBS.5N.bistro	1105620	1015759
chr19	hg38.WGBS.5N.bistro	1105620	1042010
chr19	hg38.TWGBS.5T.bistro	1105620	1024421
chr19	hg38.WGBS.5T.bistro	1105620	1042497
chr19	hg38.TWGBS.6N.bistro	1105620	1018948
chr19	hg38.WGBS.6N.bistro	1105620	1042425
chr19	hg38.TWGBS.6T.bistro	1105620	1022575
chr19	hg38.WGBS.6T.bistro	1105620	1042293
chr19	hg38.TWGBS.5N.OTP	1105620	1022156
chr19	hg38.TWGBS.5T.OTP	1105620	1029142
chr19	hg38.TWGBS.6N.OTP	1105620	1024748
chr19	hg38.TWGBS.6T.OTP	1105620	1027273
chr19	hg38.WGBS.5N.OTP	1105620	1045482
chr19	hg38.WGBS.5T.OTP	1105620	1045908
chr19	hg38.WGBS.6N.OTP	1105620	1045564
chr19	hg38.WGBS.6T.OTP	1105620	1045842
chr19	hg38.WGBS.5N.cnag.gembs	1105620	600481
chr19	hg38.WGBS.5T.cnag.gembs	1105620	746522
chr19	hg38.WGBS.6N.cnag.gembs	1105620	723648
chr19	hg38.WGBS.6T.cnag.gembs	1105620	836230
chr19	hg38.TWGBS.5N.bismark	1105620	1026064
chr19	hg38.TWGBS.5T.bismark	1105620	1033250
chr19	hg38.TWGBS.6N.bismark	1105620	1028960
chr19	hg38.TWGBS.6T.bismark	1105620	1031531
chr19	hg38.WGBS.5N.bismark	1105620	1046264
chr19	hg38.WGBS.5T.bismark	1105620	1046904
chr19	hg38.WGBS.6N.bismark	1105620	1047171
chr19	hg38.WGBS.6T.bismark	1105620	1047798
chr2	hg38.TWGBS.5N.BioMedX	2192670	2116780
chr2	hg38.TWGBS.5N.DKFZ.B060	2192670	2138955
chr2	hg38.TWGBS.5N.IHEC	2192670	2103643
chr2	hg38.TWGBS.5N.UCSD	2192670	2116511
chr2	hg38.TWGBS.5N.UdS.NT	2192670	1960492
chr2	hg38.TWGBS.5N.UdS.TT	2192670	1937737
chr2	hg38.TWGBS.5T.DKFZ.B060	2192670	2145868
chr2	hg38.TWGBS.5T.IHEC	2192670	2111178
chr2	hg38.TWGBS.5T.UCSD	2192670	2128253
chr2	hg38.TWGBS.5T.UdS.NT	2192670	2004765
chr2	hg38.TWGBS.5T.UdS.TT	2192670	1986845
chr2	hg38.TWGBS.6N.BioMedX	2192670	2118248
chr2	hg38.TWGBS.6N.DKFZ.B060	2192670	2139660
chr2	hg38.TWGBS.6N.IHEC	2192670	2105768
chr2	hg38.TWGBS.6N.UCSD	2192670	2120017
chr2	hg38.TWGBS.6N.UdS.NT	2192670	1970201
chr2	hg38.TWGBS.6N.UdS.TT	2192670	1946481
chr2	hg38.TWGBS.6T.BioMedX	2192670	2118266
chr2	hg38.TWGBS.6T.DKFZ.B060	2192670	2140366
chr2	hg38.TWGBS.6T.IHEC	2192670	2105777
chr2	hg38.TWGBS.6T.UCSD	2192670	2120482
chr2	hg38.TWGBS.6T.UdS.NT	2192670	1957310
chr2	hg38.TWGBS.6T.UdS.TT	2192670	1932381
chr2	hg38.WGBS.5N.DKFZ.B060	2192670	2158071
chr2	hg38.WGBS.5N.DKFZ.C010	2192670	2190806
chr2	hg38.WGBS.5N.FLI	2192670	2191743
chr2	hg38.WGBS.5N.IHEC	2192670	2142540
chr2	hg38.WGBS.5N.UCSD	2192670	2160137
chr2	hg38.WGBS.5N.UdS.NT	2192670	2099926
chr2	hg38.WGBS.5T.DKFZ.B060	2192670	2159148
chr2	hg38.WGBS.5T.DKFZ.C010	2192670	2190775
chr2	hg38.WGBS.5T.FLI	2192670	2191705
chr2	hg38.WGBS.5T.IHEC	2192670	2143587
chr2	hg38.WGBS.5T.UCSD	2192670	2160893
chr2	hg38.WGBS.5T.UdS.NT	2192670	2100213
chr2	hg38.WGBS.6N.DKFZ.B060	2192670	2158454
chr2	hg38.WGBS.6N.DKFZ.C010	2192670	2190479
chr2	hg38.WGBS.6N.FLI	2192670	2191567
chr2	hg38.WGBS.6N.IHEC	2192670	2142826
chr2	hg38.WGBS.6N.UCSD	2192670	2160644
chr2	hg38.WGBS.6N.UdS.NT	2192670	2101349
chr2	hg38.WGBS.6T.DKFZ.B060	2192670	2160687
chr2	hg38.WGBS.6T.DKFZ.C010	2192670	2190633
chr2	hg38.WGBS.6T.FLI	2192670	2191603
chr2	hg38.WGBS.6T.IHEC	2192670	2143714
chr2	hg38.WGBS.6T.UCSD	2192670	2162140
chr2	hg38.WGBS.6T.UdS.NT	2192670	2103090
chr2	hg38.TWGBS.5T.BioMedX	2192670	2127283
chr2	hg38.TWGBS.5N.bistro	2192670	2106008
chr2	hg38.WGBS.5N.bistro	2192670	2139938
chr2	hg38.TWGBS.5T.bistro	2192670	2115384
chr2	hg38.WGBS.5T.bistro	2192670	2141023
chr2	hg38.TWGBS.6N.bistro	2192670	2108048
chr2	hg38.WGBS.6N.bistro	2192670	2142274
chr2	hg38.TWGBS.6T.bistro	2192670	2110114
chr2	hg38.WGBS.6T.bistro	2192670	2141131
chr2	hg38.TWGBS.5N.OTP	2192670	2125977
chr2	hg38.TWGBS.5T.OTP	2192670	2134662
chr2	hg38.TWGBS.6N.OTP	2192670	2127118
chr2	hg38.TWGBS.6T.OTP	2192670	2127564
chr2	hg38.WGBS.5N.OTP	2192670	2156675
chr2	hg38.WGBS.5T.OTP	2192670	2157782
chr2	hg38.WGBS.6N.OTP	2192670	2156760
chr2	hg38.WGBS.6T.OTP	2192670	2158387
chr2	hg38.WGBS.5N.cnag.gembs	2192670	1586549
chr2	hg38.WGBS.5T.cnag.gembs	2192670	1679266
chr2	hg38.WGBS.6N.cnag.gembs	2192670	1698356
chr2	hg38.WGBS.6T.cnag.gembs	2192670	1764646
chr2	hg38.TWGBS.5N.bismark	2192670	2136140
chr2	hg38.TWGBS.5T.bismark	2192670	2145827
chr2	hg38.TWGBS.6N.bismark	2192670	2137702
chr2	hg38.TWGBS.6T.bismark	2192670	2139097
chr2	hg38.WGBS.5N.bismark	2192670	2163510
chr2	hg38.WGBS.5T.bismark	2192670	2164950
chr2	hg38.WGBS.6N.bismark	2192670	2164207
chr2	hg38.WGBS.6T.bismark	2192670	2165972
chr20	hg38.TWGBS.5N.BioMedX	773477	729549
chr20	hg38.TWGBS.5N.DKFZ.B060	773477	739192
chr20	hg38.TWGBS.5N.IHEC	773477	730790
chr20	hg38.TWGBS.5N.UCSD	773477	728083
chr20	hg38.TWGBS.5N.UdS.NT	773477	677375
chr20	hg38.TWGBS.5N.UdS.TT	773477	669267
chr20	hg38.TWGBS.5T.DKFZ.B060	773477	742907
chr20	hg38.TWGBS.5T.IHEC	773477	734591
chr20	hg38.TWGBS.5T.UCSD	773477	733193
chr20	hg38.TWGBS.5T.UdS.NT	773477	695500
chr20	hg38.TWGBS.5T.UdS.TT	773477	689723
chr20	hg38.TWGBS.6N.BioMedX	773477	732958
chr20	hg38.TWGBS.6N.DKFZ.B060	773477	742142
chr20	hg38.TWGBS.6N.IHEC	773477	733657
chr20	hg38.TWGBS.6N.UCSD	773477	730837
chr20	hg38.TWGBS.6N.UdS.NT	773477	684631
chr20	hg38.TWGBS.6N.UdS.TT	773477	676659
chr20	hg38.TWGBS.6T.BioMedX	773477	735286
chr20	hg38.TWGBS.6T.DKFZ.B060	773477	742650
chr20	hg38.TWGBS.6T.IHEC	773477	734966
chr20	hg38.TWGBS.6T.UCSD	773477	733057
chr20	hg38.TWGBS.6T.UdS.NT	773477	690683
chr20	hg38.TWGBS.6T.UdS.TT	773477	683613
chr20	hg38.WGBS.5N.DKFZ.B060	773477	747088
chr20	hg38.WGBS.5N.DKFZ.C010	773477	772654
chr20	hg38.WGBS.5N.FLI	773477	772770
chr20	hg38.WGBS.5N.IHEC	773477	744173
chr20	hg38.WGBS.5N.UCSD	773477	746828
chr20	hg38.WGBS.5N.UdS.NT	773477	729860
chr20	hg38.WGBS.5T.DKFZ.B060	773477	747575
chr20	hg38.WGBS.5T.DKFZ.C010	773477	772678
chr20	hg38.WGBS.5T.FLI	773477	772859
chr20	hg38.WGBS.5T.IHEC	773477	744899
chr20	hg38.WGBS.5T.UCSD	773477	747429
chr20	hg38.WGBS.5T.UdS.NT	773477	730536
chr20	hg38.WGBS.6N.DKFZ.B060	773477	749283
chr20	hg38.WGBS.6N.DKFZ.C010	773477	772921
chr20	hg38.WGBS.6N.FLI	773477	773101
chr20	hg38.WGBS.6N.IHEC	773477	746655
chr20	hg38.WGBS.6N.UCSD	773477	748454
chr20	hg38.WGBS.6N.UdS.NT	773477	731538
chr20	hg38.WGBS.6T.DKFZ.B060	773477	750617
chr20	hg38.WGBS.6T.DKFZ.C010	773477	772931
chr20	hg38.WGBS.6T.FLI	773477	773174
chr20	hg38.WGBS.6T.IHEC	773477	747056
chr20	hg38.WGBS.6T.UCSD	773477	748932
chr20	hg38.WGBS.6T.UdS.NT	773477	732980
chr20	hg38.TWGBS.5T.BioMedX	773477	735731
chr20	hg38.TWGBS.5N.bistro	773477	724167
chr20	hg38.WGBS.5N.bistro	773477	738534
chr20	hg38.TWGBS.5T.bistro	773477	729001
chr20	hg38.WGBS.5T.bistro	773477	738826
chr20	hg38.TWGBS.6N.bistro	773477	726194
chr20	hg38.WGBS.6N.bistro	773477	739852
chr20	hg38.TWGBS.6T.bistro	773477	728989
chr20	hg38.WGBS.6T.bistro	773477	739403
chr20	hg38.TWGBS.5N.OTP	773477	733275
chr20	hg38.TWGBS.5T.OTP	773477	738510
chr20	hg38.TWGBS.6N.OTP	773477	736407
chr20	hg38.TWGBS.6T.OTP	773477	738305
chr20	hg38.WGBS.5N.OTP	773477	746109
chr20	hg38.WGBS.5T.OTP	773477	746778
chr20	hg38.WGBS.6N.OTP	773477	747901
chr20	hg38.WGBS.6T.OTP	773477	748617
chr20	hg38.WGBS.5N.cnag.gembs	773477	523778
chr20	hg38.WGBS.5T.cnag.gembs	773477	571124
chr20	hg38.WGBS.6N.cnag.gembs	773477	578407
chr20	hg38.WGBS.6T.cnag.gembs	773477	633404
chr20	hg38.TWGBS.5N.bismark	773477	741368
chr20	hg38.TWGBS.5T.bismark	773477	747209
chr20	hg38.TWGBS.6N.bismark	773477	746117
chr20	hg38.TWGBS.6T.bismark	773477	747625
chr20	hg38.WGBS.5N.bismark	773477	757542
chr20	hg38.WGBS.5T.bismark	773477	759401
chr20	hg38.WGBS.6N.bismark	773477	762672
chr20	hg38.WGBS.6T.bismark	773477	762786
chr21	hg38.TWGBS.5N.BioMedX	462299	367895
chr21	hg38.TWGBS.5N.DKFZ.B060	462299	373323
chr21	hg38.TWGBS.5N.IHEC	462299	362313
chr21	hg38.TWGBS.5N.UCSD	462299	388988
chr21	hg38.TWGBS.5N.UdS.NT	462299	340741
chr21	hg38.TWGBS.5N.UdS.TT	462299	336282
chr21	hg38.TWGBS.5T.DKFZ.B060	462299	374809
chr21	hg38.TWGBS.5T.IHEC	462299	362886
chr21	hg38.TWGBS.5T.UCSD	462299	391035
chr21	hg38.TWGBS.5T.UdS.NT	462299	347519
chr21	hg38.TWGBS.5T.UdS.TT	462299	343936
chr21	hg38.TWGBS.6N.BioMedX	462299	369045
chr21	hg38.TWGBS.6N.DKFZ.B060	462299	374635
chr21	hg38.TWGBS.6N.IHEC	462299	363030
chr21	hg38.TWGBS.6N.UCSD	462299	390753
chr21	hg38.TWGBS.6N.UdS.NT	462299	343410
chr21	hg38.TWGBS.6N.UdS.TT	462299	338955
chr21	hg38.TWGBS.6T.BioMedX	462299	367462
chr21	hg38.TWGBS.6T.DKFZ.B060	462299	373622
chr21	hg38.TWGBS.6T.IHEC	462299	362273
chr21	hg38.TWGBS.6T.UCSD	462299	388934
chr21	hg38.TWGBS.6T.UdS.NT	462299	335683
chr21	hg38.TWGBS.6T.UdS.TT	462299	330205
chr21	hg38.WGBS.5N.DKFZ.B060	462299	377609
chr21	hg38.WGBS.5N.DKFZ.C010	462299	428155
chr21	hg38.WGBS.5N.FLI	462299	428353
chr21	hg38.WGBS.5N.IHEC	462299	370726
chr21	hg38.WGBS.5N.UCSD	462299	397066
chr21	hg38.WGBS.5N.UdS.NT	462299	367062
chr21	hg38.WGBS.5T.DKFZ.B060	462299	377923
chr21	hg38.WGBS.5T.DKFZ.C010	462299	428139
chr21	hg38.WGBS.5T.FLI	462299	428322
chr21	hg38.WGBS.5T.IHEC	462299	370936
chr21	hg38.WGBS.5T.UCSD	462299	397380
chr21	hg38.WGBS.5T.UdS.NT	462299	367518
chr21	hg38.WGBS.6N.DKFZ.B060	462299	378537
chr21	hg38.WGBS.6N.DKFZ.C010	462299	428411
chr21	hg38.WGBS.6N.FLI	462299	428572
chr21	hg38.WGBS.6N.IHEC	462299	371264
chr21	hg38.WGBS.6N.UCSD	462299	398439
chr21	hg38.WGBS.6N.UdS.NT	462299	368121
chr21	hg38.WGBS.6T.DKFZ.B060	462299	379465
chr21	hg38.WGBS.6T.DKFZ.C010	462299	428472
chr21	hg38.WGBS.6T.FLI	462299	428607
chr21	hg38.WGBS.6T.IHEC	462299	371293
chr21	hg38.WGBS.6T.UCSD	462299	398738
chr21	hg38.WGBS.6T.UdS.NT	462299	368632
chr21	hg38.TWGBS.5T.BioMedX	462299	369925
chr21	hg38.TWGBS.5N.bistro	462299	366072
chr21	hg38.WGBS.5N.bistro	462299	372330
chr21	hg38.TWGBS.5T.bistro	462299	367821
chr21	hg38.WGBS.5T.bistro	462299	372481
chr21	hg38.TWGBS.6N.bistro	462299	366880
chr21	hg38.WGBS.6N.bistro	462299	373904
chr21	hg38.TWGBS.6T.bistro	462299	365929
chr21	hg38.WGBS.6T.bistro	462299	373137
chr21	hg38.TWGBS.5N.OTP	462299	369918
chr21	hg38.TWGBS.5T.OTP	462299	371603
chr21	hg38.TWGBS.6N.OTP	462299	370930
chr21	hg38.TWGBS.6T.OTP	462299	369763
chr21	hg38.WGBS.5N.OTP	462299	376855
chr21	hg38.WGBS.5T.OTP	462299	377004
chr21	hg38.WGBS.6N.OTP	462299	377796
chr21	hg38.WGBS.6T.OTP	462299	378170
chr21	hg38.WGBS.5N.cnag.gembs	462299	264954
chr21	hg38.WGBS.5T.cnag.gembs	462299	278142
chr21	hg38.WGBS.6N.cnag.gembs	462299	286731
chr21	hg38.WGBS.6T.cnag.gembs	462299	282503
chr21	hg38.TWGBS.5N.bismark	462299	374019
chr21	hg38.TWGBS.5T.bismark	462299	375810
chr21	hg38.TWGBS.6N.bismark	462299	375765
chr21	hg38.TWGBS.6T.bismark	462299	374794
chr21	hg38.WGBS.5N.bismark	462299	381129
chr21	hg38.WGBS.5T.bismark	462299	381148
chr21	hg38.WGBS.6N.bismark	462299	382030
chr21	hg38.WGBS.6T.bismark	462299	382612
chr22	hg38.TWGBS.5N.BioMedX	634646	563621
chr22	hg38.TWGBS.5N.DKFZ.B060	634646	573215
chr22	hg38.TWGBS.5N.IHEC	634646	559084
chr22	hg38.TWGBS.5N.UCSD	634646	574176
chr22	hg38.TWGBS.5N.UdS.NT	634646	524520
chr22	hg38.TWGBS.5N.UdS.TT	634646	517873
chr22	hg38.TWGBS.5T.DKFZ.B060	634646	572668
chr22	hg38.TWGBS.5T.IHEC	634646	558318
chr22	hg38.TWGBS.5T.UCSD	634646	573202
chr22	hg38.TWGBS.5T.UdS.NT	634646	521432
chr22	hg38.TWGBS.5T.UdS.TT	634646	514608
chr22	hg38.TWGBS.6N.BioMedX	634646	565194
chr22	hg38.TWGBS.6N.DKFZ.B060	634646	574787
chr22	hg38.TWGBS.6N.IHEC	634646	560299
chr22	hg38.TWGBS.6N.UCSD	634646	576752
chr22	hg38.TWGBS.6N.UdS.NT	634646	530761
chr22	hg38.TWGBS.6N.UdS.TT	634646	524276
chr22	hg38.TWGBS.6T.BioMedX	634646	564802
chr22	hg38.TWGBS.6T.DKFZ.B060	634646	574526
chr22	hg38.TWGBS.6T.IHEC	634646	560035
chr22	hg38.TWGBS.6T.UCSD	634646	576640
chr22	hg38.TWGBS.6T.UdS.NT	634646	526963
chr22	hg38.TWGBS.6T.UdS.TT	634646	519866
chr22	hg38.WGBS.5N.DKFZ.B060	634646	579294
chr22	hg38.WGBS.5N.DKFZ.C010	634646	600038
chr22	hg38.WGBS.5N.FLI	634646	600352
chr22	hg38.WGBS.5N.IHEC	634646	571668
chr22	hg38.WGBS.5N.UCSD	634646	587690
chr22	hg38.WGBS.5N.UdS.NT	634646	566766
chr22	hg38.WGBS.5T.DKFZ.B060	634646	578925
chr22	hg38.WGBS.5T.DKFZ.C010	634646	599962
chr22	hg38.WGBS.5T.FLI	634646	600333
chr22	hg38.WGBS.5T.IHEC	634646	571238
chr22	hg38.WGBS.5T.UCSD	634646	587030
chr22	hg38.WGBS.5T.UdS.NT	634646	566087
chr22	hg38.WGBS.6N.DKFZ.B060	634646	580364
chr22	hg38.WGBS.6N.DKFZ.C010	634646	600402
chr22	hg38.WGBS.6N.FLI	634646	600495
chr22	hg38.WGBS.6N.IHEC	634646	572142
chr22	hg38.WGBS.6N.UCSD	634646	588899
chr22	hg38.WGBS.6N.UdS.NT	634646	568168
chr22	hg38.WGBS.6T.DKFZ.B060	634646	581555
chr22	hg38.WGBS.6T.DKFZ.C010	634646	600399
chr22	hg38.WGBS.6T.FLI	634646	600540
chr22	hg38.WGBS.6T.IHEC	634646	572214
chr22	hg38.WGBS.6T.UCSD	634646	589531
chr22	hg38.WGBS.6T.UdS.NT	634646	569409
chr22	hg38.TWGBS.5T.BioMedX	634646	561651
chr22	hg38.TWGBS.5N.bistro	634646	561442
chr22	hg38.WGBS.5N.bistro	634646	573434
chr22	hg38.TWGBS.5T.bistro	634646	560394
chr22	hg38.WGBS.5T.bistro	634646	573014
chr22	hg38.TWGBS.6N.bistro	634646	562602
chr22	hg38.WGBS.6N.bistro	634646	574845
chr22	hg38.TWGBS.6T.bistro	634646	562941
chr22	hg38.WGBS.6T.bistro	634646	574346
chr22	hg38.TWGBS.5N.OTP	634646	567258
chr22	hg38.TWGBS.5T.OTP	634646	565609
chr22	hg38.TWGBS.6N.OTP	634646	568520
chr22	hg38.TWGBS.6T.OTP	634646	568419
chr22	hg38.WGBS.5N.OTP	634646	578698
chr22	hg38.WGBS.5T.OTP	634646	578428
chr22	hg38.WGBS.6N.OTP	634646	579628
chr22	hg38.WGBS.6T.OTP	634646	580449
chr22	hg38.WGBS.5N.cnag.gembs	634646	369669
chr22	hg38.WGBS.5T.cnag.gembs	634646	304033
chr22	hg38.WGBS.6N.cnag.gembs	634646	422383
chr22	hg38.WGBS.6T.cnag.gembs	634646	450805
chr22	hg38.TWGBS.5N.bismark	634646	569820
chr22	hg38.TWGBS.5T.bismark	634646	569341
chr22	hg38.TWGBS.6N.bismark	634646	571436
chr22	hg38.TWGBS.6T.bismark	634646	571577
chr22	hg38.WGBS.5N.bismark	634646	579494
chr22	hg38.WGBS.5T.bismark	634646	579117
chr22	hg38.WGBS.6N.bismark	634646	581119
chr22	hg38.WGBS.6T.bismark	634646	582131
chr3	hg38.TWGBS.5N.BioMedX	1673293	1612488
chr3	hg38.TWGBS.5N.DKFZ.B060	1673293	1627223
chr3	hg38.TWGBS.5N.IHEC	1673293	1609270
chr3	hg38.TWGBS.5N.UCSD	1673293	1604713
chr3	hg38.TWGBS.5N.UdS.NT	1673293	1491079
chr3	hg38.TWGBS.5N.UdS.TT	1673293	1473785
chr3	hg38.TWGBS.5T.DKFZ.B060	1673293	1631828
chr3	hg38.TWGBS.5T.IHEC	1673293	1614934
chr3	hg38.TWGBS.5T.UCSD	1673293	1611972
chr3	hg38.TWGBS.5T.UdS.NT	1673293	1516964
chr3	hg38.TWGBS.5T.UdS.TT	1673293	1503146
chr3	hg38.TWGBS.6N.BioMedX	1673293	1611102
chr3	hg38.TWGBS.6N.DKFZ.B060	1673293	1625327
chr3	hg38.TWGBS.6N.IHEC	1673293	1609949
chr3	hg38.TWGBS.6N.UCSD	1673293	1605955
chr3	hg38.TWGBS.6N.UdS.NT	1673293	1495613
chr3	hg38.TWGBS.6N.UdS.TT	1673293	1477932
chr3	hg38.TWGBS.6T.BioMedX	1673293	1607841
chr3	hg38.TWGBS.6T.DKFZ.B060	1673293	1623602
chr3	hg38.TWGBS.6T.IHEC	1673293	1608210
chr3	hg38.TWGBS.6T.UCSD	1673293	1602885
chr3	hg38.TWGBS.6T.UdS.NT	1673293	1471862
chr3	hg38.TWGBS.6T.UdS.TT	1673293	1451747
chr3	hg38.WGBS.5N.DKFZ.B060	1673293	1640859
chr3	hg38.WGBS.5N.DKFZ.C010	1673293	1672342
chr3	hg38.WGBS.5N.FLI	1673293	1672192
chr3	hg38.WGBS.5N.IHEC	1673293	1634547
chr3	hg38.WGBS.5N.UCSD	1673293	1640041
chr3	hg38.WGBS.5N.UdS.NT	1673293	1599235
chr3	hg38.WGBS.5T.DKFZ.B060	1673293	1642029
chr3	hg38.WGBS.5T.DKFZ.C010	1673293	1672344
chr3	hg38.WGBS.5T.FLI	1673293	1672319
chr3	hg38.WGBS.5T.IHEC	1673293	1636099
chr3	hg38.WGBS.5T.UCSD	1673293	1640836
chr3	hg38.WGBS.5T.UdS.NT	1673293	1599730
chr3	hg38.WGBS.6N.DKFZ.B060	1673293	1639711
chr3	hg38.WGBS.6N.DKFZ.C010	1673293	1672044
chr3	hg38.WGBS.6N.FLI	1673293	1672305
chr3	hg38.WGBS.6N.IHEC	1673293	1634508
chr3	hg38.WGBS.6N.UCSD	1673293	1637508
chr3	hg38.WGBS.6N.UdS.NT	1673293	1597145
chr3	hg38.WGBS.6T.DKFZ.B060	1673293	1640905
chr3	hg38.WGBS.6T.DKFZ.C010	1673293	1672004
chr3	hg38.WGBS.6T.FLI	1673293	1672389
chr3	hg38.WGBS.6T.IHEC	1673293	1634206
chr3	hg38.WGBS.6T.UCSD	1673293	1637355
chr3	hg38.WGBS.6T.UdS.NT	1673293	1597351
chr3	hg38.TWGBS.5T.BioMedX	1673293	1618953
chr3	hg38.TWGBS.5N.bistro	1673293	1603285
chr3	hg38.WGBS.5N.bistro	1673293	1628467
chr3	hg38.TWGBS.5T.bistro	1673293	1609343
chr3	hg38.WGBS.5T.bistro	1673293	1628787
chr3	hg38.TWGBS.6N.bistro	1673293	1602714
chr3	hg38.WGBS.6N.bistro	1673293	1626913
chr3	hg38.TWGBS.6T.bistro	1673293	1601047
chr3	hg38.WGBS.6T.bistro	1673293	1625601
chr3	hg38.TWGBS.5N.OTP	1673293	1619033
chr3	hg38.TWGBS.5T.OTP	1673293	1624448
chr3	hg38.TWGBS.6N.OTP	1673293	1617409
chr3	hg38.TWGBS.6T.OTP	1673293	1614833
chr3	hg38.WGBS.5N.OTP	1673293	1640078
chr3	hg38.WGBS.5T.OTP	1673293	1641016
chr3	hg38.WGBS.6N.OTP	1673293	1638369
chr3	hg38.WGBS.6T.OTP	1673293	1638737
chr3	hg38.WGBS.5N.cnag.gembs	1673293	1221680
chr3	hg38.WGBS.5T.cnag.gembs	1673293	1209979
chr3	hg38.WGBS.6N.cnag.gembs	1673293	1303207
chr3	hg38.WGBS.6T.cnag.gembs	1673293	1315642
chr3	hg38.TWGBS.5N.bismark	1673293	1627834
chr3	hg38.TWGBS.5T.bismark	1673293	1635394
chr3	hg38.TWGBS.6N.bismark	1673293	1626330
chr3	hg38.TWGBS.6T.bismark	1673293	1624493
chr3	hg38.WGBS.5N.bismark	1673293	1649753
chr3	hg38.WGBS.5T.bismark	1673293	1652144
chr3	hg38.WGBS.6N.bismark	1673293	1649564
chr3	hg38.WGBS.6T.bismark	1673293	1649826
chr4	hg38.TWGBS.5N.BioMedX	1503429	1445307
chr4	hg38.TWGBS.5N.DKFZ.B060	1503429	1458840
chr4	hg38.TWGBS.5N.IHEC	1503429	1441670
chr4	hg38.TWGBS.5N.UCSD	1503429	1441951
chr4	hg38.TWGBS.5N.UdS.NT	1503429	1328146
chr4	hg38.TWGBS.5N.UdS.TT	1503429	1312215
chr4	hg38.TWGBS.5T.DKFZ.B060	1503429	1462544
chr4	hg38.TWGBS.5T.IHEC	1503429	1446239
chr4	hg38.TWGBS.5T.UCSD	1503429	1448439
chr4	hg38.TWGBS.5T.UdS.NT	1503429	1354564
chr4	hg38.TWGBS.5T.UdS.TT	1503429	1341782
chr4	hg38.TWGBS.6N.BioMedX	1503429	1446390
chr4	hg38.TWGBS.6N.DKFZ.B060	1503429	1459648
chr4	hg38.TWGBS.6N.IHEC	1503429	1443192
chr4	hg38.TWGBS.6N.UCSD	1503429	1444760
chr4	hg38.TWGBS.6N.UdS.NT	1503429	1332225
chr4	hg38.TWGBS.6N.UdS.TT	1503429	1315953
chr4	hg38.TWGBS.6T.BioMedX	1503429	1446616
chr4	hg38.TWGBS.6T.DKFZ.B060	1503429	1460123
chr4	hg38.TWGBS.6T.IHEC	1503429	1443686
chr4	hg38.TWGBS.6T.UCSD	1503429	1444790
chr4	hg38.TWGBS.6T.UdS.NT	1503429	1324749
chr4	hg38.TWGBS.6T.UdS.TT	1503429	1307647
chr4	hg38.WGBS.5N.DKFZ.B060	1503429	1470944
chr4	hg38.WGBS.5N.DKFZ.C010	1503429	1501872
chr4	hg38.WGBS.5N.FLI	1503429	1502244
chr4	hg38.WGBS.5N.IHEC	1503429	1464579
chr4	hg38.WGBS.5N.UCSD	1503429	1472051
chr4	hg38.WGBS.5N.UdS.NT	1503429	1428204
chr4	hg38.WGBS.5T.DKFZ.B060	1503429	1471545
chr4	hg38.WGBS.5T.DKFZ.C010	1503429	1501853
chr4	hg38.WGBS.5T.FLI	1503429	1502110
chr4	hg38.WGBS.5T.IHEC	1503429	1465415
chr4	hg38.WGBS.5T.UCSD	1503429	1472866
chr4	hg38.WGBS.5T.UdS.NT	1503429	1428134
chr4	hg38.WGBS.6N.DKFZ.B060	1503429	1472088
chr4	hg38.WGBS.6N.DKFZ.C010	1503429	1502299
chr4	hg38.WGBS.6N.FLI	1503429	1502784
chr4	hg38.WGBS.6N.IHEC	1503429	1465680
chr4	hg38.WGBS.6N.UCSD	1503429	1473195
chr4	hg38.WGBS.6N.UdS.NT	1503429	1428476
chr4	hg38.WGBS.6T.DKFZ.B060	1503429	1473370
chr4	hg38.WGBS.6T.DKFZ.C010	1503429	1502350
chr4	hg38.WGBS.6T.FLI	1503429	1502844
chr4	hg38.WGBS.6T.IHEC	1503429	1466543
chr4	hg38.WGBS.6T.UCSD	1503429	1474042
chr4	hg38.WGBS.6T.UdS.NT	1503429	1429270
chr4	hg38.TWGBS.5T.BioMedX	1503429	1451292
chr4	hg38.TWGBS.5N.bistro	1503429	1436669
chr4	hg38.WGBS.5N.bistro	1503429	1457910
chr4	hg38.TWGBS.5T.bistro	1503429	1441926
chr4	hg38.WGBS.5T.bistro	1503429	1458260
chr4	hg38.TWGBS.6N.bistro	1503429	1438135
chr4	hg38.WGBS.6N.bistro	1503429	1460050
chr4	hg38.TWGBS.6T.bistro	1503429	1439762
chr4	hg38.WGBS.6T.bistro	1503429	1459205
chr4	hg38.TWGBS.5N.OTP	1503429	1450998
chr4	hg38.TWGBS.5T.OTP	1503429	1456035
chr4	hg38.TWGBS.6N.OTP	1503429	1451960
chr4	hg38.TWGBS.6T.OTP	1503429	1452356
chr4	hg38.WGBS.5N.OTP	1503429	1469870
chr4	hg38.WGBS.5T.OTP	1503429	1470356
chr4	hg38.WGBS.6N.OTP	1503429	1470698
chr4	hg38.WGBS.6T.OTP	1503429	1471348
chr4	hg38.WGBS.5N.cnag.gembs	1503429	1089908
chr4	hg38.WGBS.5T.cnag.gembs	1503429	1119292
chr4	hg38.WGBS.6N.cnag.gembs	1503429	1156278
chr4	hg38.WGBS.6T.cnag.gembs	1503429	1191453
chr4	hg38.TWGBS.5N.bismark	1503429	1461772
chr4	hg38.TWGBS.5T.bismark	1503429	1467730
chr4	hg38.TWGBS.6N.bismark	1503429	1461636
chr4	hg38.TWGBS.6T.bismark	1503429	1462173
chr4	hg38.WGBS.5N.bismark	1503429	1483078
chr4	hg38.WGBS.5T.bismark	1503429	1484756
chr4	hg38.WGBS.6N.bismark	1503429	1483308
chr4	hg38.WGBS.6T.bismark	1503429	1484329
chr5	hg38.TWGBS.5N.BioMedX	1566535	1468166
chr5	hg38.TWGBS.5N.DKFZ.B060	1566535	1482543
chr5	hg38.TWGBS.5N.IHEC	1566535	1460997
chr5	hg38.TWGBS.5N.UCSD	1566535	1472977
chr5	hg38.TWGBS.5N.UdS.NT	1566535	1356607
chr5	hg38.TWGBS.5N.UdS.TT	1566535	1340637
chr5	hg38.TWGBS.5T.DKFZ.B060	1566535	1487023
chr5	hg38.TWGBS.5T.IHEC	1566535	1466421
chr5	hg38.TWGBS.5T.UCSD	1566535	1481272
chr5	hg38.TWGBS.5T.UdS.NT	1566535	1386968
chr5	hg38.TWGBS.5T.UdS.TT	1566535	1374326
chr5	hg38.TWGBS.6N.BioMedX	1566535	1468303
chr5	hg38.TWGBS.6N.DKFZ.B060	1566535	1482015
chr5	hg38.TWGBS.6N.IHEC	1566535	1461346
chr5	hg38.TWGBS.6N.UCSD	1566535	1474759
chr5	hg38.TWGBS.6N.UdS.NT	1566535	1363513
chr5	hg38.TWGBS.6N.UdS.TT	1566535	1347187
chr5	hg38.TWGBS.6T.BioMedX	1566535	1466108
chr5	hg38.TWGBS.6T.DKFZ.B060	1566535	1480980
chr5	hg38.TWGBS.6T.IHEC	1566535	1460081
chr5	hg38.TWGBS.6T.UCSD	1566535	1472715
chr5	hg38.TWGBS.6T.UdS.NT	1566535	1343121
chr5	hg38.TWGBS.6T.UdS.TT	1566535	1324494
chr5	hg38.WGBS.5N.DKFZ.B060	1566535	1495421
chr5	hg38.WGBS.5N.DKFZ.C010	1566535	1522295
chr5	hg38.WGBS.5N.FLI	1566535	1522979
chr5	hg38.WGBS.5N.IHEC	1566535	1485514
chr5	hg38.WGBS.5N.UCSD	1566535	1502973
chr5	hg38.WGBS.5N.UdS.NT	1566535	1457259
chr5	hg38.WGBS.5T.DKFZ.B060	1566535	1496042
chr5	hg38.WGBS.5T.DKFZ.C010	1566535	1522395
chr5	hg38.WGBS.5T.FLI	1566535	1522996
chr5	hg38.WGBS.5T.IHEC	1566535	1486066
chr5	hg38.WGBS.5T.UCSD	1566535	1503775
chr5	hg38.WGBS.5T.UdS.NT	1566535	1457348
chr5	hg38.WGBS.6N.DKFZ.B060	1566535	1494115
chr5	hg38.WGBS.6N.DKFZ.C010	1566535	1522030
chr5	hg38.WGBS.6N.FLI	1566535	1522797
chr5	hg38.WGBS.6N.IHEC	1566535	1483860
chr5	hg38.WGBS.6N.UCSD	1566535	1502206
chr5	hg38.WGBS.6N.UdS.NT	1566535	1457655
chr5	hg38.WGBS.6T.DKFZ.B060	1566535	1495225
chr5	hg38.WGBS.6T.DKFZ.C010	1566535	1522015
chr5	hg38.WGBS.6T.FLI	1566535	1522846
chr5	hg38.WGBS.6T.IHEC	1566535	1484262
chr5	hg38.WGBS.6T.UCSD	1566535	1502803
chr5	hg38.WGBS.6T.UdS.NT	1566535	1458411
chr5	hg38.TWGBS.5T.BioMedX	1566535	1475361
chr5	hg38.TWGBS.5N.bistro	1566535	1461390
chr5	hg38.WGBS.5N.bistro	1566535	1484664
chr5	hg38.TWGBS.5T.bistro	1566535	1468313
chr5	hg38.WGBS.5T.bistro	1566535	1485284
chr5	hg38.TWGBS.6N.bistro	1566535	1461033
chr5	hg38.WGBS.6N.bistro	1566535	1483830
chr5	hg38.TWGBS.6T.bistro	1566535	1460614
chr5	hg38.WGBS.6T.bistro	1566535	1482739
chr5	hg38.TWGBS.5N.OTP	1566535	1474371
chr5	hg38.TWGBS.5T.OTP	1566535	1480203
chr5	hg38.TWGBS.6N.OTP	1566535	1473917
chr5	hg38.TWGBS.6T.OTP	1566535	1472715
chr5	hg38.WGBS.5N.OTP	1566535	1494680
chr5	hg38.WGBS.5T.OTP	1566535	1495090
chr5	hg38.WGBS.6N.OTP	1566535	1493144
chr5	hg38.WGBS.6T.OTP	1566535	1493732
chr5	hg38.WGBS.5N.cnag.gembs	1566535	1103609
chr5	hg38.WGBS.5T.cnag.gembs	1566535	1154901
chr5	hg38.WGBS.6N.cnag.gembs	1566535	1177497
chr5	hg38.WGBS.6T.cnag.gembs	1566535	1191597
chr5	hg38.TWGBS.5N.bismark	1566535	1478918
chr5	hg38.TWGBS.5T.bismark	1566535	1485171
chr5	hg38.TWGBS.6N.bismark	1566535	1479312
chr5	hg38.TWGBS.6T.bismark	1566535	1478265
chr5	hg38.WGBS.5N.bismark	1566535	1497373
chr5	hg38.WGBS.5T.bismark	1566535	1498251
chr5	hg38.WGBS.6N.bismark	1566535	1496465
chr5	hg38.WGBS.6T.bismark	1566535	1497431
chr6	hg38.TWGBS.5N.BioMedX	1511189	1457908
chr6	hg38.TWGBS.5N.DKFZ.B060	1511189	1472026
chr6	hg38.TWGBS.5N.IHEC	1511189	1460139
chr6	hg38.TWGBS.5N.UCSD	1511189	1450748
chr6	hg38.TWGBS.5N.UdS.NT	1511189	1350404
chr6	hg38.TWGBS.5N.UdS.TT	1511189	1335406
chr6	hg38.TWGBS.5T.DKFZ.B060	1511189	1476058
chr6	hg38.TWGBS.5T.IHEC	1511189	1465226
chr6	hg38.TWGBS.5T.UCSD	1511189	1457853
chr6	hg38.TWGBS.5T.UdS.NT	1511189	1379018
chr6	hg38.TWGBS.5T.UdS.TT	1511189	1367460
chr6	hg38.TWGBS.6N.BioMedX	1511189	1462502
chr6	hg38.TWGBS.6N.DKFZ.B060	1511189	1476569
chr6	hg38.TWGBS.6N.IHEC	1511189	1462753
chr6	hg38.TWGBS.6N.UCSD	1511189	1456614
chr6	hg38.TWGBS.6N.UdS.NT	1511189	1360198
chr6	hg38.TWGBS.6N.UdS.TT	1511189	1344907
chr6	hg38.TWGBS.6T.BioMedX	1511189	1458438
chr6	hg38.TWGBS.6T.DKFZ.B060	1511189	1474961
chr6	hg38.TWGBS.6T.IHEC	1511189	1460391
chr6	hg38.TWGBS.6T.UCSD	1511189	1453247
chr6	hg38.TWGBS.6T.UdS.NT	1511189	1332405
chr6	hg38.TWGBS.6T.UdS.TT	1511189	1313863
chr6	hg38.WGBS.5N.DKFZ.B060	1511189	1484143
chr6	hg38.WGBS.5N.DKFZ.C010	1511189	1509772
chr6	hg38.WGBS.5N.FLI	1511189	1509854
chr6	hg38.WGBS.5N.IHEC	1511189	1479844
chr6	hg38.WGBS.5N.UCSD	1511189	1480009
chr6	hg38.WGBS.5N.UdS.NT	1511189	1446046
chr6	hg38.WGBS.5T.DKFZ.B060	1511189	1484899
chr6	hg38.WGBS.5T.DKFZ.C010	1511189	1509823
chr6	hg38.WGBS.5T.FLI	1511189	1509875
chr6	hg38.WGBS.5T.IHEC	1511189	1480942
chr6	hg38.WGBS.5T.UCSD	1511189	1480782
chr6	hg38.WGBS.5T.UdS.NT	1511189	1446308
chr6	hg38.WGBS.6N.DKFZ.B060	1511189	1487519
chr6	hg38.WGBS.6N.DKFZ.C010	1511189	1510339
chr6	hg38.WGBS.6N.FLI	1511189	1510354
chr6	hg38.WGBS.6N.IHEC	1511189	1481586
chr6	hg38.WGBS.6N.UCSD	1511189	1484148
chr6	hg38.WGBS.6N.UdS.NT	1511189	1448941
chr6	hg38.WGBS.6T.DKFZ.B060	1511189	1488328
chr6	hg38.WGBS.6T.DKFZ.C010	1511189	1510385
chr6	hg38.WGBS.6T.FLI	1511189	1510415
chr6	hg38.WGBS.6T.IHEC	1511189	1481753
chr6	hg38.WGBS.6T.UCSD	1511189	1484363
chr6	hg38.WGBS.6T.UdS.NT	1511189	1449433
chr6	hg38.TWGBS.5T.BioMedX	1511189	1464189
chr6	hg38.TWGBS.5N.bistro	1511189	1452971
chr6	hg38.WGBS.5N.bistro	1511189	1474453
chr6	hg38.TWGBS.5T.bistro	1511189	1458795
chr6	hg38.WGBS.5T.bistro	1511189	1475019
chr6	hg38.TWGBS.6N.bistro	1511189	1455762
chr6	hg38.WGBS.6N.bistro	1511189	1477377
chr6	hg38.TWGBS.6T.bistro	1511189	1453957
chr6	hg38.WGBS.6T.bistro	1511189	1476275
chr6	hg38.TWGBS.5N.OTP	1511189	1463833
chr6	hg38.TWGBS.5T.OTP	1511189	1468946
chr6	hg38.TWGBS.6N.OTP	1511189	1468390
chr6	hg38.TWGBS.6T.OTP	1511189	1465416
chr6	hg38.WGBS.5N.OTP	1511189	1483175
chr6	hg38.WGBS.5T.OTP	1511189	1484075
chr6	hg38.WGBS.6N.OTP	1511189	1486215
chr6	hg38.WGBS.6T.OTP	1511189	1486548
chr6	hg38.WGBS.5N.cnag.gembs	1511189	1103267
chr6	hg38.WGBS.5T.cnag.gembs	1511189	1156126
chr6	hg38.WGBS.6N.cnag.gembs	1511189	1178305
chr6	hg38.WGBS.6T.cnag.gembs	1511189	1171574
chr6	hg38.TWGBS.5N.bismark	1511189	1470561
chr6	hg38.TWGBS.5T.bismark	1511189	1477496
chr6	hg38.TWGBS.6N.bismark	1511189	1475836
chr6	hg38.TWGBS.6T.bismark	1511189	1473411
chr6	hg38.WGBS.5N.bismark	1511189	1492254
chr6	hg38.WGBS.5T.bismark	1511189	1493670
chr6	hg38.WGBS.6N.bismark	1511189	1496070
chr6	hg38.WGBS.6T.bismark	1511189	1496283
chr7	hg38.TWGBS.5N.BioMedX	1622825	1524485
chr7	hg38.TWGBS.5N.DKFZ.B060	1622825	1546597
chr7	hg38.TWGBS.5N.IHEC	1622825	1513608
chr7	hg38.TWGBS.5N.UCSD	1622825	1529983
chr7	hg38.TWGBS.5N.UdS.NT	1622825	1419684
chr7	hg38.TWGBS.5N.UdS.TT	1622825	1402277
chr7	hg38.TWGBS.5T.DKFZ.B060	1622825	1554203
chr7	hg38.TWGBS.5T.IHEC	1622825	1520587
chr7	hg38.TWGBS.5T.UCSD	1622825	1540363
chr7	hg38.TWGBS.5T.UdS.NT	1622825	1456097
chr7	hg38.TWGBS.5T.UdS.TT	1622825	1442466
chr7	hg38.TWGBS.6N.BioMedX	1622825	1527570
chr7	hg38.TWGBS.6N.DKFZ.B060	1622825	1548925
chr7	hg38.TWGBS.6N.IHEC	1622825	1516640
chr7	hg38.TWGBS.6N.UCSD	1622825	1534607
chr7	hg38.TWGBS.6N.UdS.NT	1622825	1429147
chr7	hg38.TWGBS.6N.UdS.TT	1622825	1411686
chr7	hg38.TWGBS.6T.BioMedX	1622825	1532355
chr7	hg38.TWGBS.6T.DKFZ.B060	1622825	1551438
chr7	hg38.TWGBS.6T.IHEC	1622825	1519760
chr7	hg38.TWGBS.6T.UCSD	1622825	1539337
chr7	hg38.TWGBS.6T.UdS.NT	1622825	1437440
chr7	hg38.TWGBS.6T.UdS.TT	1622825	1421372
chr7	hg38.WGBS.5N.DKFZ.B060	1622825	1563638
chr7	hg38.WGBS.5N.DKFZ.C010	1622825	1620688
chr7	hg38.WGBS.5N.FLI	1622825	1621583
chr7	hg38.WGBS.5N.IHEC	1622825	1547833
chr7	hg38.WGBS.5N.UCSD	1622825	1567187
chr7	hg38.WGBS.5N.UdS.NT	1622825	1529686
chr7	hg38.WGBS.5T.DKFZ.B060	1622825	1565057
chr7	hg38.WGBS.5T.DKFZ.C010	1622825	1620879
chr7	hg38.WGBS.5T.FLI	1622825	1621636
chr7	hg38.WGBS.5T.IHEC	1622825	1548922
chr7	hg38.WGBS.5T.UCSD	1622825	1568855
chr7	hg38.WGBS.5T.UdS.NT	1622825	1531481
chr7	hg38.WGBS.6N.DKFZ.B060	1622825	1565525
chr7	hg38.WGBS.6N.DKFZ.C010	1622825	1620821
chr7	hg38.WGBS.6N.FLI	1622825	1621707
chr7	hg38.WGBS.6N.IHEC	1622825	1548782
chr7	hg38.WGBS.6N.UCSD	1622825	1568816
chr7	hg38.WGBS.6N.UdS.NT	1622825	1532101
chr7	hg38.WGBS.6T.DKFZ.B060	1622825	1569095
chr7	hg38.WGBS.6T.DKFZ.C010	1622825	1620946
chr7	hg38.WGBS.6T.FLI	1622825	1621858
chr7	hg38.WGBS.6T.IHEC	1622825	1550494
chr7	hg38.WGBS.6T.UCSD	1622825	1571067
chr7	hg38.WGBS.6T.UdS.NT	1622825	1536070
chr7	hg38.TWGBS.5T.BioMedX	1622825	1535053
chr7	hg38.TWGBS.5N.bistro	1622825	1514352
chr7	hg38.WGBS.5N.bistro	1622825	1543681
chr7	hg38.TWGBS.5T.bistro	1622825	1523716
chr7	hg38.WGBS.5T.bistro	1622825	1544492
chr7	hg38.TWGBS.6N.bistro	1622825	1518214
chr7	hg38.WGBS.6N.bistro	1622825	1546842
chr7	hg38.TWGBS.6T.bistro	1622825	1524208
chr7	hg38.WGBS.6T.bistro	1622825	1546628
chr7	hg38.TWGBS.5N.OTP	1622825	1532577
chr7	hg38.TWGBS.5T.OTP	1622825	1541421
chr7	hg38.TWGBS.6N.OTP	1622825	1535234
chr7	hg38.TWGBS.6T.OTP	1622825	1539342
chr7	hg38.WGBS.5N.OTP	1622825	1559435
chr7	hg38.WGBS.5T.OTP	1622825	1560973
chr7	hg38.WGBS.6N.OTP	1622825	1561033
chr7	hg38.WGBS.6T.OTP	1622825	1563381
chr7	hg38.WGBS.5N.cnag.gembs	1622825	1085073
chr7	hg38.WGBS.5T.cnag.gembs	1622825	1180424
chr7	hg38.WGBS.6N.cnag.gembs	1622825	1187465
chr7	hg38.WGBS.6T.cnag.gembs	1622825	1292160
chr7	hg38.TWGBS.5N.bismark	1622825	1550360
chr7	hg38.TWGBS.5T.bismark	1622825	1561401
chr7	hg38.TWGBS.6N.bismark	1622825	1551996
chr7	hg38.TWGBS.6T.bismark	1622825	1555479
chr7	hg38.WGBS.5N.bismark	1622825	1579387
chr7	hg38.WGBS.5T.bismark	1622825	1582527
chr7	hg38.WGBS.6N.bismark	1622825	1581219
chr7	hg38.WGBS.6T.bismark	1622825	1583999
chr8	hg38.TWGBS.5N.BioMedX	1338200	1271963
chr8	hg38.TWGBS.5N.DKFZ.B060	1338200	1285165
chr8	hg38.TWGBS.5N.IHEC	1338200	1267205
chr8	hg38.TWGBS.5N.UCSD	1338200	1275429
chr8	hg38.TWGBS.5N.UdS.NT	1338200	1177621
chr8	hg38.TWGBS.5N.UdS.TT	1338200	1163458
chr8	hg38.TWGBS.5T.DKFZ.B060	1338200	1289751
chr8	hg38.TWGBS.5T.IHEC	1338200	1271783
chr8	hg38.TWGBS.5T.UCSD	1338200	1282072
chr8	hg38.TWGBS.5T.UdS.NT	1338200	1205034
chr8	hg38.TWGBS.5T.UdS.TT	1338200	1194201
chr8	hg38.TWGBS.6N.BioMedX	1338200	1271821
chr8	hg38.TWGBS.6N.DKFZ.B060	1338200	1284795
chr8	hg38.TWGBS.6N.IHEC	1338200	1267680
chr8	hg38.TWGBS.6N.UCSD	1338200	1276372
chr8	hg38.TWGBS.6N.UdS.NT	1338200	1181917
chr8	hg38.TWGBS.6N.UdS.TT	1338200	1167462
chr8	hg38.TWGBS.6T.BioMedX	1338200	1271498
chr8	hg38.TWGBS.6T.DKFZ.B060	1338200	1284684
chr8	hg38.TWGBS.6T.IHEC	1338200	1267245
chr8	hg38.TWGBS.6T.UCSD	1338200	1275522
chr8	hg38.TWGBS.6T.UdS.NT	1338200	1172866
chr8	hg38.TWGBS.6T.UdS.TT	1338200	1157459
chr8	hg38.WGBS.5N.DKFZ.B060	1338200	1295855
chr8	hg38.WGBS.5N.DKFZ.C010	1338200	1337108
chr8	hg38.WGBS.5N.FLI	1338200	1337169
chr8	hg38.WGBS.5N.IHEC	1338200	1286063
chr8	hg38.WGBS.5N.UCSD	1338200	1302270
chr8	hg38.WGBS.5N.UdS.NT	1338200	1265520
chr8	hg38.WGBS.5T.DKFZ.B060	1338200	1296611
chr8	hg38.WGBS.5T.DKFZ.C010	1338200	1337046
chr8	hg38.WGBS.5T.FLI	1338200	1337145
chr8	hg38.WGBS.5T.IHEC	1338200	1286956
chr8	hg38.WGBS.5T.UCSD	1338200	1302947
chr8	hg38.WGBS.5T.UdS.NT	1338200	1265432
chr8	hg38.WGBS.6N.DKFZ.B060	1338200	1295401
chr8	hg38.WGBS.6N.DKFZ.C010	1338200	1336926
chr8	hg38.WGBS.6N.FLI	1338200	1337057
chr8	hg38.WGBS.6N.IHEC	1338200	1285566
chr8	hg38.WGBS.6N.UCSD	1338200	1302024
chr8	hg38.WGBS.6N.UdS.NT	1338200	1265498
chr8	hg38.WGBS.6T.DKFZ.B060	1338200	1297192
chr8	hg38.WGBS.6T.DKFZ.C010	1338200	1336960
chr8	hg38.WGBS.6T.FLI	1338200	1337197
chr8	hg38.WGBS.6T.IHEC	1338200	1286032
chr8	hg38.WGBS.6T.UCSD	1338200	1302467
chr8	hg38.WGBS.6T.UdS.NT	1338200	1266873
chr8	hg38.TWGBS.5T.BioMedX	1338200	1278660
chr8	hg38.TWGBS.5N.bistro	1338200	1264098
chr8	hg38.WGBS.5N.bistro	1338200	1282637
chr8	hg38.TWGBS.5T.bistro	1338200	1269050
chr8	hg38.WGBS.5T.bistro	1338200	1282572
chr8	hg38.TWGBS.6N.bistro	1338200	1263695
chr8	hg38.WGBS.6N.bistro	1338200	1282825
chr8	hg38.TWGBS.6T.bistro	1338200	1264477
chr8	hg38.WGBS.6T.bistro	1338200	1281727
chr8	hg38.TWGBS.5N.OTP	1338200	1277486
chr8	hg38.TWGBS.5T.OTP	1338200	1283046
chr8	hg38.TWGBS.6N.OTP	1338200	1277030
chr8	hg38.TWGBS.6T.OTP	1338200	1277142
chr8	hg38.WGBS.5N.OTP	1338200	1294335
chr8	hg38.WGBS.5T.OTP	1338200	1294979
chr8	hg38.WGBS.6N.OTP	1338200	1293540
chr8	hg38.WGBS.6T.OTP	1338200	1294520
chr8	hg38.WGBS.5N.cnag.gembs	1338200	957882
chr8	hg38.WGBS.5T.cnag.gembs	1338200	993382
chr8	hg38.WGBS.6N.cnag.gembs	1338200	1022942
chr8	hg38.WGBS.6T.cnag.gembs	1338200	1060706
chr8	hg38.TWGBS.5N.bismark	1338200	1288474
chr8	hg38.TWGBS.5T.bismark	1338200	1296458
chr8	hg38.TWGBS.6N.bismark	1338200	1288071
chr8	hg38.TWGBS.6T.bismark	1338200	1288014
chr8	hg38.WGBS.5N.bismark	1338200	1309139
chr8	hg38.WGBS.5T.bismark	1338200	1311777
chr8	hg38.WGBS.6N.bismark	1338200	1308432
chr8	hg38.WGBS.6T.bismark	1338200	1309894
chr9	hg38.TWGBS.5N.BioMedX	1255728	1163595
chr9	hg38.TWGBS.5N.DKFZ.B060	1255728	1180272
chr9	hg38.TWGBS.5N.IHEC	1255728	1142100
chr9	hg38.TWGBS.5N.UCSD	1255728	1188433
chr9	hg38.TWGBS.5N.UdS.NT	1255728	1082467
chr9	hg38.TWGBS.5N.UdS.TT	1255728	1068728
chr9	hg38.TWGBS.5T.DKFZ.B060	1255728	1186717
chr9	hg38.TWGBS.5T.IHEC	1255728	1147816
chr9	hg38.TWGBS.5T.UCSD	1255728	1197521
chr9	hg38.TWGBS.5T.UdS.NT	1255728	1110505
chr9	hg38.TWGBS.5T.UdS.TT	1255728	1099706
chr9	hg38.TWGBS.6N.BioMedX	1255728	1165751
chr9	hg38.TWGBS.6N.DKFZ.B060	1255728	1182090
chr9	hg38.TWGBS.6N.IHEC	1255728	1144220
chr9	hg38.TWGBS.6N.UCSD	1255728	1190985
chr9	hg38.TWGBS.6N.UdS.NT	1255728	1090433
chr9	hg38.TWGBS.6N.UdS.TT	1255728	1076720
chr9	hg38.TWGBS.6T.BioMedX	1255728	1160528
chr9	hg38.TWGBS.6T.DKFZ.B060	1255728	1179349
chr9	hg38.TWGBS.6T.IHEC	1255728	1141474
chr9	hg38.TWGBS.6T.UCSD	1255728	1187174
chr9	hg38.TWGBS.6T.UdS.NT	1255728	1069320
chr9	hg38.TWGBS.6T.UdS.TT	1255728	1053313
chr9	hg38.WGBS.5N.DKFZ.B060	1255728	1195278
chr9	hg38.WGBS.5N.DKFZ.C010	1255728	1254671
chr9	hg38.WGBS.5N.FLI	1255728	1255136
chr9	hg38.WGBS.5N.IHEC	1255728	1176836
chr9	hg38.WGBS.5N.UCSD	1255728	1220956
chr9	hg38.WGBS.5N.UdS.NT	1255728	1172969
chr9	hg38.WGBS.5T.DKFZ.B060	1255728	1196357
chr9	hg38.WGBS.5T.DKFZ.C010	1255728	1254725
chr9	hg38.WGBS.5T.FLI	1255728	1255099
chr9	hg38.WGBS.5T.IHEC	1255728	1177920
chr9	hg38.WGBS.5T.UCSD	1255728	1222360
chr9	hg38.WGBS.5T.UdS.NT	1255728	1174180
chr9	hg38.WGBS.6N.DKFZ.B060	1255728	1197223
chr9	hg38.WGBS.6N.DKFZ.C010	1255728	1254641
chr9	hg38.WGBS.6N.FLI	1255728	1254912
chr9	hg38.WGBS.6N.IHEC	1255728	1177888
chr9	hg38.WGBS.6N.UCSD	1255728	1222478
chr9	hg38.WGBS.6N.UdS.NT	1255728	1173603
chr9	hg38.WGBS.6T.DKFZ.B060	1255728	1199852
chr9	hg38.WGBS.6T.DKFZ.C010	1255728	1254630
chr9	hg38.WGBS.6T.FLI	1255728	1254949
chr9	hg38.WGBS.6T.IHEC	1255728	1177221
chr9	hg38.WGBS.6T.UCSD	1255728	1222462
chr9	hg38.WGBS.6T.UdS.NT	1255728	1175365
chr9	hg38.TWGBS.5T.BioMedX	1255728	1172092
chr9	hg38.TWGBS.5N.bistro	1255728	1149234
chr9	hg38.WGBS.5N.bistro	1255728	1174299
chr9	hg38.TWGBS.5T.bistro	1255728	1156446
chr9	hg38.WGBS.5T.bistro	1255728	1174972
chr9	hg38.TWGBS.6N.bistro	1255728	1150181
chr9	hg38.WGBS.6N.bistro	1255728	1176235
chr9	hg38.TWGBS.6T.bistro	1255728	1147500
chr9	hg38.WGBS.6T.bistro	1255728	1173837
chr9	hg38.TWGBS.5N.OTP	1255728	1170441
chr9	hg38.TWGBS.5T.OTP	1255728	1177688
chr9	hg38.TWGBS.6N.OTP	1255728	1172216
chr9	hg38.TWGBS.6T.OTP	1255728	1167996
chr9	hg38.WGBS.5N.OTP	1255728	1192971
chr9	hg38.WGBS.5T.OTP	1255728	1194376
chr9	hg38.WGBS.6N.OTP	1255728	1194218
chr9	hg38.WGBS.6T.OTP	1255728	1195632
chr9	hg38.WGBS.5N.cnag.gembs	1255728	810790
chr9	hg38.WGBS.5T.cnag.gembs	1255728	886146
chr9	hg38.WGBS.6N.cnag.gembs	1255728	886624
chr9	hg38.WGBS.6T.cnag.gembs	1255728	896368
chr9	hg38.TWGBS.5N.bismark	1255728	1181111
chr9	hg38.TWGBS.5T.bismark	1255728	1190319
chr9	hg38.TWGBS.6N.bismark	1255728	1185043
chr9	hg38.TWGBS.6T.bismark	1255728	1182020
chr9	hg38.WGBS.5N.bismark	1255728	1205940
chr9	hg38.WGBS.5T.bismark	1255728	1207982
chr9	hg38.WGBS.6N.bismark	1255728	1209421
chr9	hg38.WGBS.6T.bismark	1255728	1210390
chrM	hg38.TWGBS.5N.BioMedX	435	0
chrM	hg38.TWGBS.5N.DKFZ.B060	435	0
chrM	hg38.TWGBS.5N.IHEC	435	0
chrM	hg38.TWGBS.5N.UCSD	435	0
chrM	hg38.TWGBS.5N.UdS.NT	435	0
chrM	hg38.TWGBS.5N.UdS.TT	435	0
chrM	hg38.TWGBS.5T.DKFZ.B060	435	0
chrM	hg38.TWGBS.5T.IHEC	435	0
chrM	hg38.TWGBS.5T.UCSD	435	0
chrM	hg38.TWGBS.5T.UdS.NT	435	0
chrM	hg38.TWGBS.5T.UdS.TT	435	0
chrM	hg38.TWGBS.6N.BioMedX	435	0
chrM	hg38.TWGBS.6N.DKFZ.B060	435	0
chrM	hg38.TWGBS.6N.IHEC	435	0
chrM	hg38.TWGBS.6N.UCSD	435	0
chrM	hg38.TWGBS.6N.UdS.NT	435	0
chrM	hg38.TWGBS.6N.UdS.TT	435	0
chrM	hg38.TWGBS.6T.BioMedX	435	0
chrM	hg38.TWGBS.6T.DKFZ.B060	435	0
chrM	hg38.TWGBS.6T.IHEC	435	0
chrM	hg38.TWGBS.6T.UCSD	435	0
chrM	hg38.TWGBS.6T.UdS.NT	435	0
chrM	hg38.TWGBS.6T.UdS.TT	435	0
chrM	hg38.WGBS.5N.DKFZ.B060	435	0
chrM	hg38.WGBS.5N.DKFZ.C010	435	0
chrM	hg38.WGBS.5N.FLI	435	0
chrM	hg38.WGBS.5N.IHEC	435	0
chrM	hg38.WGBS.5N.UCSD	435	0
chrM	hg38.WGBS.5N.UdS.NT	435	0
chrM	hg38.WGBS.5T.DKFZ.B060	435	0
chrM	hg38.WGBS.5T.DKFZ.C010	435	0
chrM	hg38.WGBS.5T.FLI	435	0
chrM	hg38.WGBS.5T.IHEC	435	0
chrM	hg38.WGBS.5T.UCSD	435	0
chrM	hg38.WGBS.5T.UdS.NT	435	0
chrM	hg38.WGBS.6N.DKFZ.B060	435	0
chrM	hg38.WGBS.6N.DKFZ.C010	435	0
chrM	hg38.WGBS.6N.FLI	435	0
chrM	hg38.WGBS.6N.IHEC	435	0
chrM	hg38.WGBS.6N.UCSD	435	0
chrM	hg38.WGBS.6N.UdS.NT	435	0
chrM	hg38.WGBS.6T.DKFZ.B060	435	0
chrM	hg38.WGBS.6T.DKFZ.C010	435	0
chrM	hg38.WGBS.6T.FLI	435	0
chrM	hg38.WGBS.6T.IHEC	435	0
chrM	hg38.WGBS.6T.UCSD	435	0
chrM	hg38.WGBS.6T.UdS.NT	435	0
chrM	hg38.TWGBS.5T.BioMedX	435	0
chrM	hg38.WGBS.5N.cnag.gembs	435	0
chrM	hg38.WGBS.5T.cnag.gembs	435	0
chrM	hg38.WGBS.6N.cnag.gembs	435	0
chrM	hg38.WGBS.6T.cnag.gembs	435	0
chrX	hg38.TWGBS.5N.BioMedX	1322709	1134691
chrX	hg38.TWGBS.5N.DKFZ.B060	1322709	1166666
chrX	hg38.TWGBS.5N.IHEC	1322709	1139699
chrX	hg38.TWGBS.5N.UCSD	1322709	1143819
chrX	hg38.TWGBS.5N.UdS.NT	1322709	1045365
chrX	hg38.TWGBS.5N.UdS.TT	1322709	1025943
chrX	hg38.TWGBS.5T.DKFZ.B060	1322709	1181388
chrX	hg38.TWGBS.5T.IHEC	1322709	1154646
chrX	hg38.TWGBS.5T.UCSD	1322709	1165123
chrX	hg38.TWGBS.5T.UdS.NT	1322709	1080289
chrX	hg38.TWGBS.5T.UdS.TT	1322709	1065206
chrX	hg38.TWGBS.6N.BioMedX	1322709	1143260
chrX	hg38.TWGBS.6N.DKFZ.B060	1322709	1173636
chrX	hg38.TWGBS.6N.IHEC	1322709	1147876
chrX	hg38.TWGBS.6N.UCSD	1322709	1155536
chrX	hg38.TWGBS.6N.UdS.NT	1322709	1055978
chrX	hg38.TWGBS.6N.UdS.TT	1322709	1037050
chrX	hg38.TWGBS.6T.BioMedX	1322709	1150397
chrX	hg38.TWGBS.6T.DKFZ.B060	1322709	1178474
chrX	hg38.TWGBS.6T.IHEC	1322709	1152205
chrX	hg38.TWGBS.6T.UCSD	1322709	1161181
chrX	hg38.TWGBS.6T.UdS.NT	1322709	1063528
chrX	hg38.TWGBS.6T.UdS.TT	1322709	1045619
chrX	hg38.WGBS.5N.DKFZ.B060	1322709	1202898
chrX	hg38.WGBS.5N.DKFZ.C010	1322709	1320516
chrX	hg38.WGBS.5N.FLI	1322709	1321152
chrX	hg38.WGBS.5N.IHEC	1322709	1187469
chrX	hg38.WGBS.5N.UCSD	1322709	1215286
chrX	hg38.WGBS.5N.UdS.NT	1322709	1185570
chrX	hg38.WGBS.5T.DKFZ.B060	1322709	1204468
chrX	hg38.WGBS.5T.DKFZ.C010	1322709	1320570
chrX	hg38.WGBS.5T.FLI	1322709	1321172
chrX	hg38.WGBS.5T.IHEC	1322709	1188838
chrX	hg38.WGBS.5T.UCSD	1322709	1217460
chrX	hg38.WGBS.5T.UdS.NT	1322709	1186444
chrX	hg38.WGBS.6N.DKFZ.B060	1322709	1205445
chrX	hg38.WGBS.6N.DKFZ.C010	1322709	1320790
chrX	hg38.WGBS.6N.FLI	1322709	1321294
chrX	hg38.WGBS.6N.IHEC	1322709	1189180
chrX	hg38.WGBS.6N.UCSD	1322709	1219557
chrX	hg38.WGBS.6N.UdS.NT	1322709	1189322
chrX	hg38.WGBS.6T.DKFZ.B060	1322709	1208900
chrX	hg38.WGBS.6T.DKFZ.C010	1322709	1320952
chrX	hg38.WGBS.6T.FLI	1322709	1321508
chrX	hg38.WGBS.6T.IHEC	1322709	1190432
chrX	hg38.WGBS.6T.UCSD	1322709	1222723
chrX	hg38.WGBS.6T.UdS.NT	1322709	1194072
chrX	hg38.TWGBS.5T.BioMedX	1322709	1155856
chrX	hg38.TWGBS.5N.bistro	1322709	1132576
chrX	hg38.WGBS.5N.bistro	1322709	1187029
chrX	hg38.TWGBS.5T.bistro	1322709	1151238
chrX	hg38.WGBS.5T.bistro	1322709	1187760
chrX	hg38.TWGBS.6N.bistro	1322709	1140449
chrX	hg38.WGBS.6N.bistro	1322709	1189739
chrX	hg38.TWGBS.6T.bistro	1322709	1148846
chrX	hg38.WGBS.6T.bistro	1322709	1189112
chrX	hg38.TWGBS.5N.OTP	1322709	1148760
chrX	hg38.TWGBS.5T.OTP	1322709	1166307
chrX	hg38.TWGBS.6N.OTP	1322709	1156161
chrX	hg38.TWGBS.6T.OTP	1322709	1162530
chrX	hg38.WGBS.5N.OTP	1322709	1199433
chrX	hg38.WGBS.5T.OTP	1322709	1200844
chrX	hg38.WGBS.6N.OTP	1322709	1201511
chrX	hg38.WGBS.6T.OTP	1322709	1203610
chrX	hg38.WGBS.5N.cnag.gembs	1322709	167204
chrX	hg38.WGBS.5T.cnag.gembs	1322709	194849
chrX	hg38.WGBS.6N.cnag.gembs	1322709	259208
chrX	hg38.WGBS.6T.cnag.gembs	1322709	418753
chrX	hg38.TWGBS.5N.bismark	1322709	1163955
chrX	hg38.TWGBS.5T.bismark	1322709	1183790
chrX	hg38.TWGBS.6N.bismark	1322709	1173486
chrX	hg38.TWGBS.6T.bismark	1322709	1178791
chrX	hg38.WGBS.5N.bismark	1322709	1215367
chrX	hg38.WGBS.5T.bismark	1322709	1219575
chrX	hg38.WGBS.6N.bismark	1322709	1220381
chrX	hg38.WGBS.6T.bismark	1322709	1224335
chrY	hg38.TWGBS.5N.BioMedX	225912	111121
chrY	hg38.TWGBS.5N.DKFZ.B060	225912	114016
chrY	hg38.TWGBS.5N.IHEC	225912	104925
chrY	hg38.TWGBS.5N.UCSD	225912	132099
chrY	hg38.TWGBS.5N.UdS.NT	225912	106146
chrY	hg38.TWGBS.5N.UdS.TT	225912	104493
chrY	hg38.TWGBS.5T.DKFZ.B060	225912	115480
chrY	hg38.TWGBS.5T.IHEC	225912	106237
chrY	hg38.TWGBS.5T.UCSD	225912	133943
chrY	hg38.TWGBS.5T.UdS.NT	225912	108046
chrY	hg38.TWGBS.5T.UdS.TT	225912	0
chrY	hg38.TWGBS.6N.BioMedX	225912	111814
chrY	hg38.TWGBS.6N.DKFZ.B060	225912	114694
chrY	hg38.TWGBS.6N.IHEC	225912	105839
chrY	hg38.TWGBS.6N.UCSD	225912	133048
chrY	hg38.TWGBS.6N.UdS.NT	225912	106789
chrY	hg38.TWGBS.6N.UdS.TT	225912	105130
chrY	hg38.TWGBS.6T.BioMedX	225912	104215
chrY	hg38.TWGBS.6T.DKFZ.B060	225912	109190
chrY	hg38.TWGBS.6T.IHEC	225912	100689
chrY	hg38.TWGBS.6T.UCSD	225912	124825
chrY	hg38.TWGBS.6T.UdS.NT	225912	98351
chrY	hg38.TWGBS.6T.UdS.TT	225912	0
chrY	hg38.WGBS.5N.DKFZ.B060	225912	117377
chrY	hg38.WGBS.5N.DKFZ.C010	225912	169308
chrY	hg38.WGBS.5N.FLI	225912	169339
chrY	hg38.WGBS.5N.IHEC	225912	113175
chrY	hg38.WGBS.5N.UCSD	225912	139582
chrY	hg38.WGBS.5N.UdS.NT	225912	116634
chrY	hg38.WGBS.5T.DKFZ.B060	225912	117386
chrY	hg38.WGBS.5T.DKFZ.C010	225912	169304
chrY	hg38.WGBS.5T.FLI	225912	169342
chrY	hg38.WGBS.5T.IHEC	225912	113182
chrY	hg38.WGBS.5T.UCSD	225912	139445
chrY	hg38.WGBS.5T.UdS.NT	225912	116382
chrY	hg38.WGBS.6N.DKFZ.B060	225912	118052
chrY	hg38.WGBS.6N.DKFZ.C010	225912	169304
chrY	hg38.WGBS.6N.FLI	225912	169336
chrY	hg38.WGBS.6N.IHEC	225912	113607
chrY	hg38.WGBS.6N.UCSD	225912	140459
chrY	hg38.WGBS.6N.UdS.NT	225912	116995
chrY	hg38.WGBS.6T.DKFZ.B060	225912	117792
chrY	hg38.WGBS.6T.DKFZ.C010	225912	169255
chrY	hg38.WGBS.6T.FLI	225912	169316
chrY	hg38.WGBS.6T.IHEC	225912	112570
chrY	hg38.WGBS.6T.UCSD	225912	138899
chrY	hg38.WGBS.6T.UdS.NT	225912	0
chrY	hg38.TWGBS.5T.BioMedX	225912	112727
chrY	hg38.TWGBS.5N.bistro	225912	108715
chrY	hg38.WGBS.5N.bistro	225912	113747
chrY	hg38.TWGBS.5T.bistro	225912	110213
chrY	hg38.WGBS.5T.bistro	225912	113683
chrY	hg38.TWGBS.6N.bistro	225912	109262
chrY	hg38.WGBS.6N.bistro	225912	114484
chrY	hg38.TWGBS.6T.bistro	225912	103098
chrY	hg38.WGBS.6T.bistro	225912	113051
chrY	hg38.TWGBS.5N.OTP	225912	112612
chrY	hg38.TWGBS.5T.OTP	225912	114065
chrY	hg38.TWGBS.6N.OTP	225912	113245
chrY	hg38.TWGBS.6T.OTP	225912	106698
chrY	hg38.WGBS.5N.OTP	225912	116932
chrY	hg38.WGBS.5T.OTP	225912	117012
chrY	hg38.WGBS.6N.OTP	225912	117461
chrY	hg38.WGBS.6T.OTP	225912	117037
chrY	hg38.WGBS.5N.cnag.gembs	225912	12643
chrY	hg38.WGBS.5T.cnag.gembs	225912	9886
chrY	hg38.WGBS.6N.cnag.gembs	225912	17050
chrY	hg38.WGBS.6T.cnag.gembs	225912	3189
chrY	hg38.TWGBS.5N.bismark	225912	115142
chrY	hg38.TWGBS.5T.bismark	225912	116703
chrY	hg38.TWGBS.6N.bismark	225912	115728
chrY	hg38.TWGBS.6T.bismark	225912	110313
chrY	hg38.WGBS.5N.bismark	225912	119815
chrY	hg38.WGBS.5T.bismark	225912	119945
chrY	hg38.WGBS.6N.bismark	225912	120696
chrY	hg38.WGBS.6T.bismark	225912	119973
